fotograma,tipo_objeto,confianza,identificador_tracking,x1,y1,x2,y2,matr√≠cula_en_su_caso,confianza_matricula,mx1,my1,mx2,my2,texto_matricula
1.0,car,0,2,1143,313,1193,353,,0.0,0,0,0,0,
2.0,car,0,2,1142,313,1193,353,,0.0,0,0,0,0,
3.0,car,0,2,1142,314,1192,353,,0.0,0,0,0,0,
4.0,car,0,2,1142,314,1192,353,,0.0,0,0,0,0,
4.0,car,0,4,1820,413,1919,552,,0.0,0,0,0,0,
5.0,car,0,2,1142,314,1193,353,,0.0,0,0,0,0,
5.0,car,0,4,1799,399,1919,546,,0.0,0,0,0,0,
6.0,car,0,2,1142,313,1193,353,,0.0,0,0,0,0,
6.0,car,0,4,1777,382,1919,544,,0.0,0,0,0,0,
7.0,car,0,2,1142,313,1193,353,,0.0,0,0,0,0,
7.0,car,0,4,1757,366,1919,544,,0.0,0,0,0,0,
8.0,car,0,2,1142,313,1193,354,,0.0,0,0,0,0,
8.0,car,0,4,1739,350,1919,537,,0.0,0,0,0,0,
9.0,car,0,2,1142,313,1193,354,,0.0,0,0,0,0,
9.0,car,0,4,1721,344,1919,546,,0.0,0,0,0,0,
10.0,car,0,2,1142,313,1193,354,,0.0,0,0,0,0,
10.0,car,0,4,1702,340,1919,553,,0.0,0,0,0,0,
11.0,car,0,2,1142,312,1193,354,,0.0,0,0,0,0,
11.0,car,0,4,1686,339,1919,554,,0.0,0,0,0,0,
12.0,car,0,2,1142,312,1193,354,,0.0,0,0,0,0,
12.0,car,0,4,1672,340,1919,549,,0.0,0,0,0,0,
13.0,car,0,2,1142,312,1194,354,,0.0,0,0,0,0,
13.0,car,0,4,1659,339,1919,543,,0.0,0,0,0,0,
14.0,car,0,2,1142,311,1194,354,,0.0,0,0,0,0,
14.0,car,0,4,1645,340,1919,535,,0.0,0,0,0,0,
15.0,car,0,2,1141,311,1194,354,,0.0,0,0,0,0,
15.0,car,0,4,1633,337,1919,531,,0.0,0,0,0,0,
16.0,car,0,2,1141,311,1193,354,,0.0,0,0,0,0,
16.0,car,0,4,1620,336,1919,526,,0.0,0,0,0,0,
17.0,car,0,2,1141,311,1193,354,,0.0,0,0,0,0,
17.0,car,0,4,1609,336,1919,521,,0.0,0,0,0,0,
18.0,car,0,2,1140,311,1194,354,,0.0,0,0,0,0,
18.0,car,0,4,1598,335,1919,520,,0.0,0,0,0,0,
19.0,car,0,2,1139,312,1194,354,,0.0,0,0,0,0,
19.0,car,0,4,1588,334,1918,515,,0.0,0,0,0,0,
20.0,car,0,2,1139,312,1194,354,,0.0,0,0,0,0,
20.0,car,0,4,1578,334,1918,511,,0.0,0,0,0,0,
21.0,car,0,2,1138,312,1194,355,,0.0,0,0,0,0,
21.0,car,0,4,1569,333,1909,505,,0.0,0,0,0,0,
22.0,car,0,2,1138,313,1194,355,,0.0,0,0,0,0,
22.0,car,0,4,1561,333,1895,501,,0.0,0,0,0,0,
23.0,car,0,2,1138,312,1194,356,,0.0,0,0,0,0,
23.0,car,0,4,1552,332,1875,497,,0.0,0,0,0,0,
24.0,car,0,2,1138,312,1195,356,,0.0,0,0,0,0,
24.0,car,0,4,1545,333,1856,493,,0.0,0,0,0,0,
25.0,car,0,2,1138,311,1195,356,,0.0,0,0,0,0,
25.0,car,0,4,1536,332,1836,488,,0.0,0,0,0,0,
26.0,car,0,2,1139,310,1194,356,,0.0,0,0,0,0,
26.0,car,0,4,1528,332,1818,484,,0.0,0,0,0,0,
27.0,car,0,2,1138,310,1194,357,,0.0,0,0,0,0,
27.0,car,0,4,1521,334,1800,482,,0.0,0,0,0,0,
28.0,car,0,2,1138,310,1195,357,,0.0,0,0,0,0,
28.0,car,0,4,1514,334,1785,478,,0.0,0,0,0,0,
29.0,car,0,2,1137,310,1195,357,,0.0,0,0,0,0,
29.0,car,0,4,1508,336,1769,475,,0.0,0,0,0,0,
30.0,car,0,2,1136,310,1195,357,,0.0,0,0,0,0,
30.0,car,0,4,1500,335,1755,472,,0.0,0,0,0,0,
31.0,car,0,2,1136,310,1195,357,,0.0,0,0,0,0,
31.0,car,0,4,1494,335,1740,468,,0.0,0,0,0,0,
32.0,car,0,2,1135,310,1195,357,,0.0,0,0,0,0,
32.0,car,0,4,1488,334,1726,465,,0.0,0,0,0,0,
33.0,car,0,2,1135,310,1194,358,,0.0,0,0,0,0,
33.0,car,0,4,1481,334,1713,463,,0.0,0,0,0,0,
34.0,car,0,2,1135,310,1194,359,,0.0,0,0,0,0,
34.0,car,0,4,1476,334,1701,460,,0.0,0,0,0,0,
35.0,car,0,2,1133,310,1194,359,,0.0,0,0,0,0,
35.0,car,0,4,1472,333,1690,458,,0.0,0,0,0,0,
36.0,car,0,2,1132,310,1194,359,,0.0,0,0,0,0,
36.0,car,0,4,1467,332,1680,456,,0.0,0,0,0,0,
37.0,car,0,2,1132,309,1194,360,,0.0,0,0,0,0,
37.0,car,0,4,1463,331,1669,453,,0.0,0,0,0,0,
38.0,car,0,2,1131,309,1194,360,,0.0,0,0,0,0,
38.0,car,0,4,1456,331,1658,450,,0.0,0,0,0,0,
39.0,car,0,2,1131,310,1194,360,,0.0,0,0,0,0,
39.0,car,0,4,1450,329,1648,446,,0.0,0,0,0,0,
40.0,car,0,2,1130,311,1194,361,,0.0,0,0,0,0,
40.0,car,0,4,1446,330,1639,442,,0.0,0,0,0,0,
41.0,car,0,2,1130,311,1194,361,,0.0,0,0,0,0,
41.0,car,0,4,1442,330,1631,440,,0.0,0,0,0,0,
41.0,car,0,5,1047,315,1102,345,,0.0,0,0,0,0,
42.0,car,0,2,1130,312,1194,361,,0.0,0,0,0,0,
42.0,car,0,4,1440,330,1623,440,,0.0,0,0,0,0,
42.0,car,0,5,1048,315,1107,345,,0.0,0,0,0,0,
43.0,car,0,2,1130,312,1194,362,,0.0,0,0,0,0,
43.0,car,0,4,1434,330,1614,437,,0.0,0,0,0,0,
43.0,car,0,5,1048,315,1108,344,,0.0,0,0,0,0,
44.0,car,0,2,1130,312,1194,362,,0.0,0,0,0,0,
44.0,car,0,4,1430,328,1604,435,,0.0,0,0,0,0,
44.0,car,0,5,1048,315,1109,344,,0.0,0,0,0,0,
45.0,car,0,2,1129,311,1194,362,,0.0,0,0,0,0,
45.0,car,0,4,1426,327,1597,433,,0.0,0,0,0,0,
45.0,car,0,5,1048,315,1107,343,,0.0,0,0,0,0,
46.0,car,0,2,1127,311,1194,363,,0.0,0,0,0,0,
46.0,car,0,4,1420,325,1590,432,,0.0,0,0,0,0,
46.0,car,0,5,1050,316,1113,345,,0.0,0,0,0,0,
47.0,car,0,2,1126,311,1194,363,,0.0,0,0,0,0,
47.0,car,0,4,1420,326,1584,429,,0.0,0,0,0,0,
47.0,car,0,5,1052,317,1116,345,,0.0,0,0,0,0,
48.0,car,0,2,1126,311,1195,364,,0.0,0,0,0,0,
48.0,car,0,4,1419,329,1577,427,,0.0,0,0,0,0,
48.0,car,0,5,1055,318,1117,345,,0.0,0,0,0,0,
49.0,car,0,2,1126,310,1194,364,,0.0,0,0,0,0,
49.0,car,0,4,1411,327,1570,426,,0.0,0,0,0,0,
49.0,car,0,5,1057,317,1116,345,,0.0,0,0,0,0,
50.0,car,0,2,1126,310,1194,363,,0.0,0,0,0,0,
50.0,car,0,4,1407,327,1565,424,,0.0,0,0,0,0,
50.0,car,0,5,1058,316,1117,345,,0.0,0,0,0,0,
51.0,car,0,2,1124,309,1195,363,,0.0,0,0,0,0,
51.0,car,0,4,1405,327,1559,423,,0.0,0,0,0,0,
51.0,car,0,5,1060,316,1118,345,,0.0,0,0,0,0,
52.0,car,0,2,1125,309,1195,364,,0.0,0,0,0,0,
52.0,car,0,4,1401,328,1552,422,,0.0,0,0,0,0,
52.0,car,0,5,1060,316,1118,345,,0.0,0,0,0,0,
53.0,car,0,2,1126,309,1195,364,,0.0,0,0,0,0,
53.0,car,0,4,1396,327,1544,419,,0.0,0,0,0,0,
53.0,car,0,5,1060,316,1117,345,,0.0,0,0,0,0,
54.0,car,0,2,1126,309,1195,365,,0.0,0,0,0,0,
54.0,car,0,4,1393,326,1540,418,,0.0,0,0,0,0,
54.0,car,0,5,1059,315,1120,345,,0.0,0,0,0,0,
55.0,car,0,2,1126,309,1194,365,,0.0,0,0,0,0,
55.0,car,0,4,1398,326,1534,416,,0.0,0,0,0,0,
55.0,car,0,5,1060,315,1123,345,,0.0,0,0,0,0,
56.0,car,0,2,1124,309,1195,365,,0.0,0,0,0,0,
56.0,car,0,4,1404,327,1529,414,,0.0,0,0,0,0,
56.0,car,0,5,1061,315,1124,344,,0.0,0,0,0,0,
57.0,car,0,2,1122,309,1197,365,,0.0,0,0,0,0,
57.0,car,0,4,1394,326,1523,413,,0.0,0,0,0,0,
57.0,car,0,5,1062,316,1125,345,,0.0,0,0,0,0,
58.0,car,0,2,1120,309,1196,365,,0.0,0,0,0,0,
58.0,car,0,4,1389,326,1518,411,,0.0,0,0,0,0,
58.0,car,0,5,1064,315,1125,345,,0.0,0,0,0,0,
59.0,car,0,2,1121,310,1196,366,,0.0,0,0,0,0,
59.0,car,0,4,1384,325,1514,409,,0.0,0,0,0,0,
59.0,car,0,5,1065,316,1126,345,,0.0,0,0,0,0,
60.0,car,0,2,1120,308,1195,365,,0.0,0,0,0,0,
60.0,car,0,4,1378,324,1510,409,,0.0,0,0,0,0,
60.0,car,0,5,1067,316,1126,345,,0.0,0,0,0,0,
61.0,car,0,2,1118,308,1196,366,,0.0,0,0,0,0,
61.0,car,0,4,1378,324,1508,408,,0.0,0,0,0,0,
61.0,car,0,5,1069,317,1127,347,,0.0,0,0,0,0,
62.0,car,0,2,1118,310,1195,367,,0.0,0,0,0,0,
62.0,car,0,4,1380,324,1507,407,,0.0,0,0,0,0,
62.0,car,0,5,1074,316,1126,348,,0.0,0,0,0,0,
63.0,car,0,2,1118,311,1195,367,,0.0,0,0,0,0,
63.0,car,0,4,1383,324,1503,406,,0.0,0,0,0,0,
63.0,car,0,5,1077,316,1127,351,,0.0,0,0,0,0,
64.0,car,0,2,1120,310,1194,367,,0.0,0,0,0,0,
64.0,car,0,4,1374,323,1501,404,,0.0,0,0,0,0,
64.0,car,0,5,1080,315,1128,349,,0.0,0,0,0,0,
65.0,car,0,2,1118,310,1193,367,,0.0,0,0,0,0,
65.0,car,0,4,1369,323,1497,404,,0.0,0,0,0,0,
65.0,car,0,5,1080,314,1128,356,,0.0,0,0,0,0,
66.0,car,0,2,1117,310,1193,367,,0.0,0,0,0,0,
66.0,car,0,4,1369,323,1493,403,,0.0,0,0,0,0,
66.0,car,0,5,1080,314,1126,354,,0.0,0,0,0,0,
67.0,car,0,2,1116,310,1193,367,,0.0,0,0,0,0,
67.0,car,0,4,1368,324,1484,403,,0.0,0,0,0,0,
67.0,car,0,5,1081,314,1125,354,,0.0,0,0,0,0,
68.0,car,0,2,1116,310,1192,368,,0.0,0,0,0,0,
68.0,car,0,4,1366,324,1479,401,,0.0,0,0,0,0,
68.0,car,0,5,1081,314,1122,355,,0.0,0,0,0,0,
69.0,car,0,2,1115,310,1192,368,,0.0,0,0,0,0,
69.0,car,0,4,1361,324,1475,399,,0.0,0,0,0,0,
69.0,car,0,5,1083,314,1121,353,,0.0,0,0,0,0,
70.0,car,0,2,1115,309,1191,369,,0.0,0,0,0,0,
70.0,car,0,4,1358,324,1473,397,,0.0,0,0,0,0,
70.0,car,0,5,1083,315,1120,355,,0.0,0,0,0,0,
71.0,car,0,2,1114,309,1191,369,,0.0,0,0,0,0,
71.0,car,0,4,1358,324,1471,395,,0.0,0,0,0,0,
71.0,car,0,5,1086,315,1120,360,,0.0,0,0,0,0,
72.0,car,0,2,1114,309,1190,369,,0.0,0,0,0,0,
72.0,car,0,4,1360,324,1466,395,,0.0,0,0,0,0,
72.0,car,0,5,1087,315,1119,361,,0.0,0,0,0,0,
73.0,car,0,2,1112,309,1189,369,,0.0,0,0,0,0,
73.0,car,0,4,1360,324,1464,394,,0.0,0,0,0,0,
74.0,car,0,2,1111,309,1189,369,,0.0,0,0,0,0,
74.0,car,0,4,1363,324,1458,393,,0.0,0,0,0,0,
75.0,car,0,2,1108,309,1189,370,,0.0,0,0,0,0,
75.0,car,0,4,1356,325,1456,392,,0.0,0,0,0,0,
76.0,car,0,2,1106,308,1188,372,,0.0,0,0,0,0,
76.0,car,0,4,1356,324,1452,391,,0.0,0,0,0,0,
77.0,car,0,2,1106,307,1188,372,,0.0,0,0,0,0,
77.0,car,0,4,1352,325,1451,390,,0.0,0,0,0,0,
78.0,car,0,2,1105,306,1187,372,,0.0,0,0,0,0,
78.0,car,0,4,1349,325,1449,390,,0.0,0,0,0,0,
79.0,car,0,2,1104,306,1187,373,,0.0,0,0,0,0,
79.0,car,0,4,1347,324,1447,389,,0.0,0,0,0,0,
80.0,car,0,2,1102,306,1187,374,,0.0,0,0,0,0,
80.0,car,0,4,1344,324,1444,390,,0.0,0,0,0,0,
81.0,car,0,2,1101,306,1187,376,,0.0,0,0,0,0,
81.0,car,0,4,1343,325,1441,390,,0.0,0,0,0,0,
82.0,car,0,2,1099,306,1187,377,,0.0,0,0,0,0,
82.0,car,0,4,1342,325,1438,389,,0.0,0,0,0,0,
83.0,car,0,2,1097,305,1186,378,,0.0,0,0,0,0,
83.0,car,0,4,1342,323,1438,388,,0.0,0,0,0,0,
83.0,car,0,6,1304,319,1343,348,,0.0,0,0,0,0,
84.0,car,0,2,1096,305,1185,379,,0.0,0,0,0,0,
84.0,car,0,4,1342,323,1434,388,,0.0,0,0,0,0,
84.0,car,0,6,1304,320,1343,348,,0.0,0,0,0,0,
85.0,car,0,2,1095,305,1183,380,,0.0,0,0,0,0,
85.0,car,0,4,1343,323,1432,388,,0.0,0,0,0,0,
85.0,car,0,6,1304,320,1343,348,,0.0,0,0,0,0,
86.0,car,0,2,1094,304,1182,381,,0.0,0,0,0,0,
86.0,car,0,4,1342,323,1431,387,,0.0,0,0,0,0,
86.0,car,0,6,1304,320,1345,349,,0.0,0,0,0,0,
87.0,car,0,2,1093,304,1182,381,,0.0,0,0,0,0,
87.0,car,0,4,1340,323,1430,386,,0.0,0,0,0,0,
87.0,car,0,6,1304,320,1346,349,,0.0,0,0,0,0,
88.0,car,0,2,1091,304,1181,382,,0.0,0,0,0,0,
88.0,car,0,4,1340,323,1429,385,,0.0,0,0,0,0,
88.0,car,0,6,1303,319,1345,349,,0.0,0,0,0,0,
89.0,car,0,2,1089,305,1182,381,,0.0,0,0,0,0,
89.0,car,0,4,1339,322,1426,384,,0.0,0,0,0,0,
89.0,car,0,6,1303,319,1343,348,,0.0,0,0,0,0,
90.0,car,0,2,1087,306,1183,381,,0.0,0,0,0,0,
90.0,car,0,4,1336,323,1426,384,,0.0,0,0,0,0,
90.0,car,0,6,1303,319,1344,349,,0.0,0,0,0,0,
91.0,car,0,2,1085,306,1183,381,,0.0,0,0,0,0,
91.0,car,0,4,1335,324,1425,383,,0.0,0,0,0,0,
91.0,car,0,6,1303,319,1345,349,,0.0,0,0,0,0,
92.0,car,0,2,1083,306,1183,382,,0.0,0,0,0,0,
92.0,car,0,4,1334,324,1423,383,,0.0,0,0,0,0,
92.0,car,0,6,1303,319,1345,348,,0.0,0,0,0,0,
93.0,car,0,2,1083,306,1181,384,,0.0,0,0,0,0,
93.0,car,0,4,1334,324,1421,383,,0.0,0,0,0,0,
93.0,car,0,6,1302,319,1344,348,,0.0,0,0,0,0,
94.0,car,0,2,1079,307,1179,384,,0.0,0,0,0,0,
94.0,car,0,4,1333,324,1419,382,,0.0,0,0,0,0,
94.0,car,0,6,1302,319,1342,347,,0.0,0,0,0,0,
95.0,car,0,2,1078,308,1178,384,,0.0,0,0,0,0,
95.0,car,0,4,1333,324,1413,381,,0.0,0,0,0,0,
95.0,car,0,6,1302,318,1340,347,,0.0,0,0,0,0,
96.0,car,0,2,1075,308,1175,385,,0.0,0,0,0,0,
96.0,car,0,4,1333,323,1413,381,,0.0,0,0,0,0,
96.0,car,0,6,1302,318,1339,346,,0.0,0,0,0,0,
97.0,car,0,2,1074,307,1173,386,,0.0,0,0,0,0,
97.0,car,0,4,1331,323,1410,380,,0.0,0,0,0,0,
97.0,car,0,6,1303,319,1340,347,,0.0,0,0,0,0,
98.0,car,0,2,1072,307,1172,386,,0.0,0,0,0,0,
98.0,car,0,4,1331,324,1408,379,,0.0,0,0,0,0,
98.0,car,0,6,1303,319,1339,347,,0.0,0,0,0,0,
99.0,car,0,2,1070,307,1170,387,,0.0,0,0,0,0,
99.0,car,0,4,1329,324,1406,378,,0.0,0,0,0,0,
99.0,car,0,6,1303,320,1340,350,,0.0,0,0,0,0,
100.0,car,0,2,1068,306,1169,387,,0.0,0,0,0,0,
100.0,car,0,4,1328,324,1403,377,,0.0,0,0,0,0,
100.0,car,0,6,1303,321,1337,349,,0.0,0,0,0,0,
101.0,car,0,2,1066,306,1169,388,,0.0,0,0,0,0,
101.0,car,0,4,1327,324,1400,375,,0.0,0,0,0,0,
101.0,car,0,6,1303,322,1336,349,,0.0,0,0,0,0,
102.0,car,0,2,1064,306,1167,388,,0.0,0,0,0,0,
102.0,car,0,4,1328,324,1399,375,,0.0,0,0,0,0,
102.0,car,0,6,1304,322,1335,349,,0.0,0,0,0,0,
103.0,car,0,2,1062,307,1167,389,,0.0,0,0,0,0,
103.0,car,0,4,1327,323,1398,374,,0.0,0,0,0,0,
103.0,car,0,6,1304,322,1334,347,,0.0,0,0,0,0,
104.0,car,0,2,1061,307,1166,390,,0.0,0,0,0,0,
104.0,car,0,4,1325,323,1397,375,,0.0,0,0,0,0,
104.0,car,0,6,1303,322,1334,347,,0.0,0,0,0,0,
105.0,car,0,2,1060,306,1167,391,,0.0,0,0,0,0,
105.0,car,0,4,1323,323,1397,374,,0.0,0,0,0,0,
105.0,car,0,6,1303,322,1332,346,,0.0,0,0,0,0,
106.0,car,0,2,1057,307,1166,392,,0.0,0,0,0,0,
106.0,car,0,4,1320,322,1395,373,,0.0,0,0,0,0,
106.0,car,0,6,1304,323,1330,346,,0.0,0,0,0,0,
107.0,car,0,2,1054,306,1167,394,,0.0,0,0,0,0,
107.0,car,0,4,1317,321,1394,373,,0.0,0,0,0,0,
107.0,car,0,6,1304,323,1329,346,,0.0,0,0,0,0,
107.0,car,0,7,1166,316,1212,346,,0.0,0,0,0,0,
108.0,car,0,2,1052,306,1167,394,,0.0,0,0,0,0,
108.0,car,0,4,1317,320,1392,372,,0.0,0,0,0,0,
108.0,car,0,6,1304,322,1328,346,,0.0,0,0,0,0,
108.0,car,0,7,1170,316,1213,345,,0.0,0,0,0,0,
109.0,car,0,2,1049,306,1166,395,,0.0,0,0,0,0,
109.0,car,0,4,1317,320,1390,371,,0.0,0,0,0,0,
109.0,car,0,6,1304,322,1328,345,,0.0,0,0,0,0,
109.0,car,0,7,1171,316,1213,345,,0.0,0,0,0,0,
110.0,car,0,2,1045,306,1165,395,,0.0,0,0,0,0,
110.0,car,0,4,1315,322,1389,371,,0.0,0,0,0,0,
110.0,car,0,6,1304,323,1328,345,,0.0,0,0,0,0,
110.0,car,0,7,1173,315,1213,345,,0.0,0,0,0,0,
111.0,car,0,2,1042,306,1164,396,,0.0,0,0,0,0,
111.0,car,0,4,1315,323,1390,371,,0.0,0,0,0,0,
111.0,car,0,6,1304,323,1328,346,,0.0,0,0,0,0,
111.0,car,0,7,1174,315,1213,346,,0.0,0,0,0,0,
112.0,car,0,2,1039,306,1163,397,,0.0,0,0,0,0,
112.0,car,0,4,1315,323,1389,370,,0.0,0,0,0,0,
112.0,car,0,6,1304,322,1329,347,,0.0,0,0,0,0,
112.0,car,0,7,1173,315,1214,346,,0.0,0,0,0,0,
113.0,car,0,2,1036,307,1160,399,,0.0,0,0,0,0,
113.0,car,0,4,1315,324,1389,370,,0.0,0,0,0,0,
113.0,car,0,6,1305,322,1328,346,,0.0,0,0,0,0,
113.0,car,0,7,1172,315,1215,346,,0.0,0,0,0,0,
114.0,car,0,2,1033,307,1159,400,,0.0,0,0,0,0,
114.0,car,0,4,1314,325,1389,370,,0.0,0,0,0,0,
114.0,car,0,6,1305,322,1328,346,,0.0,0,0,0,0,
114.0,car,0,7,1172,315,1216,346,,0.0,0,0,0,0,
115.0,car,0,2,1031,308,1157,400,,0.0,0,0,0,0,
115.0,car,0,4,1312,326,1388,370,,0.0,0,0,0,0,
115.0,car,0,6,1305,322,1329,347,,0.0,0,0,0,0,
115.0,car,0,7,1171,315,1217,347,,0.0,0,0,0,0,
116.0,car,0,2,1027,307,1157,402,,0.0,0,0,0,0,
116.0,car,0,4,1312,325,1388,370,,0.0,0,0,0,0,
116.0,car,0,6,1305,322,1329,347,,0.0,0,0,0,0,
116.0,car,0,7,1168,315,1218,347,,0.0,0,0,0,0,
117.0,car,0,2,1025,307,1157,404,,0.0,0,0,0,0,
117.0,car,0,4,1311,324,1386,369,,0.0,0,0,0,0,
117.0,car,0,6,1305,322,1329,349,,0.0,0,0,0,0,
117.0,car,0,7,1168,315,1219,347,,0.0,0,0,0,0,
118.0,car,0,2,1023,307,1156,405,,0.0,0,0,0,0,
118.0,car,0,4,1310,323,1385,369,,0.0,0,0,0,0,
118.0,car,0,6,1305,322,1329,350,,0.0,0,0,0,0,
118.0,car,0,7,1168,314,1219,347,,0.0,0,0,0,0,
119.0,car,0,2,1020,306,1155,405,,0.0,0,0,0,0,
119.0,car,0,4,1309,324,1382,368,,0.0,0,0,0,0,
119.0,car,0,6,1305,323,1330,352,,0.0,0,0,0,0,
119.0,car,0,7,1167,315,1220,347,,0.0,0,0,0,0,
120.0,car,0,2,1017,306,1153,407,,0.0,0,0,0,0,
120.0,car,0,4,1308,324,1379,367,,0.0,0,0,0,0,
120.0,car,0,6,1305,323,1330,354,,0.0,0,0,0,0,
120.0,car,0,7,1169,315,1221,346,,0.0,0,0,0,0,
121.0,car,0,2,1013,306,1149,408,,0.0,0,0,0,0,
121.0,car,0,4,1308,323,1377,368,,0.0,0,0,0,0,
121.0,car,0,6,1305,322,1334,359,,0.0,0,0,0,0,
121.0,car,0,7,1170,315,1221,346,,0.0,0,0,0,0,
122.0,car,0,2,1009,307,1147,408,,0.0,0,0,0,0,
122.0,car,0,4,1308,322,1374,367,,0.0,0,0,0,0,
122.0,car,0,6,1305,322,1338,362,,0.0,0,0,0,0,
122.0,car,0,7,1172,314,1221,346,,0.0,0,0,0,0,
123.0,car,0,2,1004,305,1147,410,,0.0,0,0,0,0,
123.0,car,0,4,1308,321,1372,367,,0.0,0,0,0,0,
123.0,car,0,6,1305,322,1345,363,,0.0,0,0,0,0,
123.0,car,0,7,1177,315,1222,346,,0.0,0,0,0,0,
124.0,car,0,2,999,305,1145,411,,0.0,0,0,0,0,
124.0,car,0,4,1308,322,1373,366,,0.0,0,0,0,0,
124.0,car,0,6,1305,323,1350,363,,0.0,0,0,0,0,
124.0,car,0,7,1180,315,1222,346,,0.0,0,0,0,0,
125.0,car,0,2,994,305,1142,413,,0.0,0,0,0,0,
125.0,car,0,4,1307,321,1373,366,,0.0,0,0,0,0,
125.0,car,0,6,1305,323,1352,363,,0.0,0,0,0,0,
125.0,car,0,7,1181,316,1223,346,,0.0,0,0,0,0,
126.0,car,0,2,991,304,1141,414,,0.0,0,0,0,0,
126.0,car,0,4,1307,321,1372,365,,0.0,0,0,0,0,
126.0,car,0,6,1305,322,1355,363,,0.0,0,0,0,0,
126.0,car,0,7,1181,316,1224,346,,0.0,0,0,0,0,
127.0,car,0,2,987,303,1139,415,,0.0,0,0,0,0,
127.0,car,0,4,1307,321,1371,365,,0.0,0,0,0,0,
127.0,car,0,6,1305,322,1356,363,,0.0,0,0,0,0,
127.0,car,0,7,1181,315,1225,346,,0.0,0,0,0,0,
128.0,car,0,2,983,302,1136,416,,0.0,0,0,0,0,
128.0,car,0,4,1307,321,1371,364,,0.0,0,0,0,0,
128.0,car,0,6,1305,322,1351,362,,0.0,0,0,0,0,
128.0,car,0,7,1180,315,1226,346,,0.0,0,0,0,0,
129.0,car,0,2,980,301,1132,418,,0.0,0,0,0,0,
129.0,car,0,4,1306,321,1370,364,,0.0,0,0,0,0,
129.0,car,0,7,1180,315,1227,346,,0.0,0,0,0,0,
130.0,car,0,2,975,298,1133,419,,0.0,0,0,0,0,
130.0,car,0,4,1306,321,1369,364,,0.0,0,0,0,0,
130.0,car,0,7,1180,316,1228,346,,0.0,0,0,0,0,
131.0,car,0,2,970,298,1132,421,,0.0,0,0,0,0,
131.0,car,0,4,1306,322,1369,364,,0.0,0,0,0,0,
131.0,car,0,7,1181,316,1227,346,,0.0,0,0,0,0,
132.0,car,0,2,965,300,1135,423,,0.0,0,0,0,0,
132.0,car,0,4,1306,323,1368,363,,0.0,0,0,0,0,
132.0,car,0,7,1181,317,1228,346,,0.0,0,0,0,0,
133.0,car,0,2,959,300,1135,425,,0.0,0,0,0,0,
133.0,car,0,4,1306,324,1367,363,,0.0,0,0,0,0,
133.0,car,0,7,1181,318,1228,347,,0.0,0,0,0,0,
134.0,car,0,2,955,299,1133,426,,0.0,0,0,0,0,
134.0,car,0,4,1305,323,1365,362,,0.0,0,0,0,0,
134.0,car,0,7,1181,318,1229,347,,0.0,0,0,0,0,
135.0,car,0,2,950,299,1130,427,,0.0,0,0,0,0,
135.0,car,0,4,1305,322,1363,362,,0.0,0,0,0,0,
135.0,car,0,7,1182,319,1230,347,,0.0,0,0,0,0,
136.0,car,0,2,946,299,1129,428,,0.0,0,0,0,0,
136.0,car,0,4,1305,322,1361,362,,0.0,0,0,0,0,
136.0,car,0,7,1183,319,1231,347,,0.0,0,0,0,0,
137.0,car,0,2,940,299,1129,429,,0.0,0,0,0,0,
137.0,car,0,4,1305,324,1361,362,,0.0,0,0,0,0,
137.0,car,0,7,1183,319,1232,347,,0.0,0,0,0,0,
138.0,car,0,2,934,299,1122,431,,0.0,0,0,0,0,
138.0,car,0,4,1304,324,1360,361,,0.0,0,0,0,0,
138.0,car,0,7,1184,319,1233,347,,0.0,0,0,0,0,
139.0,car,0,2,927,298,1116,432,,0.0,0,0,0,0,
139.0,car,0,4,1303,323,1360,361,,0.0,0,0,0,0,
139.0,car,0,7,1183,319,1234,348,,0.0,0,0,0,0,
140.0,car,0,2,922,296,1114,435,,0.0,0,0,0,0,
140.0,car,0,4,1302,322,1360,361,,0.0,0,0,0,0,
140.0,car,0,7,1182,319,1234,348,,0.0,0,0,0,0,
141.0,car,0,2,916,296,1112,438,,0.0,0,0,0,0,
141.0,car,0,4,1301,322,1358,361,,0.0,0,0,0,0,
141.0,car,0,7,1183,318,1235,348,,0.0,0,0,0,0,
142.0,car,0,2,908,295,1110,441,,0.0,0,0,0,0,
142.0,car,0,4,1301,322,1357,361,,0.0,0,0,0,0,
142.0,car,0,7,1183,318,1236,348,,0.0,0,0,0,0,
143.0,car,0,2,900,294,1107,442,,0.0,0,0,0,0,
143.0,car,0,4,1301,323,1355,360,,0.0,0,0,0,0,
143.0,car,0,7,1183,317,1237,348,,0.0,0,0,0,0,
144.0,car,0,2,894,295,1104,445,LC,0.6167127143385115,51,17,106,37,LC
144.0,car,0,4,1300,323,1354,360,,0.0,0,0,0,0,
144.0,car,0,7,1183,317,1238,348,,0.0,0,0,0,0,
145.0,car,0,2,886,295,1101,449,,0.0,0,0,0,0,
145.0,car,0,4,1299,323,1352,360,,0.0,0,0,0,0,
145.0,car,0,7,1184,318,1238,347,,0.0,0,0,0,0,
146.0,car,0,2,879,294,1097,452,,0.0,0,0,0,0,
146.0,car,0,4,1298,322,1351,359,,0.0,0,0,0,0,
146.0,car,0,7,1186,317,1238,348,,0.0,0,0,0,0,
147.0,car,0,2,872,294,1093,455,,0.0,0,0,0,0,
147.0,car,0,4,1298,322,1349,359,,0.0,0,0,0,0,
147.0,car,0,7,1188,318,1239,348,,0.0,0,0,0,0,
148.0,car,0,2,862,293,1091,458,QLQ,0.10790702812363832,53,20,111,39,QLQ
148.0,car,0,4,1299,322,1348,359,,0.0,0,0,0,0,
148.0,car,0,7,1190,318,1240,349,,0.0,0,0,0,0,
149.0,car,0,2,852,294,1088,460,QALO,0.15087924897670746,53,18,115,41,QALO
149.0,car,0,4,1298,322,1347,359,,0.0,0,0,0,0,
149.0,car,0,7,1193,318,1240,348,,0.0,0,0,0,0,
150.0,car,0,2,842,294,1085,463,Q04O,0.145436093211174,56,20,118,41,Q04O
150.0,car,0,4,1296,321,1347,359,,0.0,0,0,0,0,
150.0,car,0,7,1194,318,1240,348,,0.0,0,0,0,0,
151.0,car,0,2,832,293,1083,466,,0.0,0,0,0,0,
151.0,car,0,4,1296,321,1347,359,,0.0,0,0,0,0,
151.0,car,0,7,1194,318,1241,348,,0.0,0,0,0,0,
152.0,car,0,2,823,292,1076,469,EZLG,0.2956630289554596,55,21,122,43,EZLG
152.0,car,0,4,1292,322,1346,359,,0.0,0,0,0,0,
152.0,car,0,7,1193,318,1242,348,,0.0,0,0,0,0,
153.0,car,0,2,811,292,1073,474,QC,0.3977881796181476,59,20,123,43,QC
153.0,car,0,4,1289,322,1344,359,,0.0,0,0,0,0,
153.0,car,0,7,1192,319,1242,349,,0.0,0,0,0,0,
154.0,car,0,2,801,292,1069,477,QZOLG,0.10207097785011854,57,22,125,44,QZOLG
154.0,car,0,4,1288,322,1343,358,,0.0,0,0,0,0,
154.0,car,0,7,1192,319,1243,350,,0.0,0,0,0,0,
155.0,car,0,2,789,292,1064,482,QZC,0.11823141042899576,59,20,128,45,QZC
155.0,car,0,4,1287,322,1343,358,,0.0,0,0,0,0,
155.0,car,0,7,1193,320,1243,350,,0.0,0,0,0,0,
156.0,car,0,2,777,291,1061,485,ZIBGC,0.1290510947188151,57,22,131,47,ZIBGC
156.0,car,0,4,1287,322,1343,357,,0.0,0,0,0,0,
156.0,car,0,7,1195,320,1245,351,,0.0,0,0,0,0,
157.0,car,0,2,764,291,1057,489,ZLA,0.2683321213903667,59,22,133,48,ZLA
157.0,car,0,4,1286,322,1343,357,,0.0,0,0,0,0,
157.0,car,0,7,1197,321,1245,351,,0.0,0,0,0,0,
158.0,car,0,2,750,290,1051,495,471LO,0.13771948654113933,61,24,137,49,471LO
158.0,car,0,4,1286,322,1343,357,,0.0,0,0,0,0,
158.0,car,0,7,1197,321,1245,351,,0.0,0,0,0,0,
159.0,car,0,2,736,290,1046,499,,0.0,0,0,0,0,
159.0,car,0,4,1287,321,1342,357,,0.0,0,0,0,0,
159.0,car,0,7,1196,321,1245,352,,0.0,0,0,0,0,
160.0,car,0,2,722,290,1042,505,,0.0,0,0,0,0,
160.0,car,0,4,1287,321,1341,357,,0.0,0,0,0,0,
160.0,car,0,7,1195,321,1245,352,,0.0,0,0,0,0,
161.0,car,0,2,705,289,1037,511,QE,0.22634962213507787,63,25,146,53,QE
161.0,car,0,4,1287,320,1340,357,,0.0,0,0,0,0,
161.0,car,0,7,1195,321,1246,353,,0.0,0,0,0,0,
162.0,car,0,2,688,288,1029,516,,0.0,0,0,0,0,
162.0,car,0,4,1286,320,1339,357,,0.0,0,0,0,0,
162.0,car,0,7,1196,322,1247,353,,0.0,0,0,0,0,
163.0,car,0,2,668,287,1024,521,,0.0,0,0,0,0,
163.0,car,0,4,1285,320,1339,356,,0.0,0,0,0,0,
163.0,car,0,7,1196,322,1247,354,,0.0,0,0,0,0,
164.0,car,0,2,649,287,1019,528,,0.0,0,0,0,0,
164.0,car,0,4,1284,320,1339,356,,0.0,0,0,0,0,
164.0,car,0,7,1197,321,1247,354,,0.0,0,0,0,0,
165.0,car,0,2,629,286,1012,534,,0.0,0,0,0,0,
165.0,car,0,4,1284,319,1339,356,,0.0,0,0,0,0,
165.0,car,0,7,1196,321,1248,354,,0.0,0,0,0,0,
166.0,car,0,2,606,285,1005,540,,0.0,0,0,0,0,
166.0,car,0,4,1283,319,1336,356,,0.0,0,0,0,0,
166.0,car,0,7,1196,321,1248,354,,0.0,0,0,0,0,
167.0,car,0,2,583,284,1000,548,,0.0,0,0,0,0,
167.0,car,0,4,1282,319,1335,355,,0.0,0,0,0,0,
167.0,car,0,7,1196,320,1249,354,,0.0,0,0,0,0,
168.0,car,0,2,557,285,994,558,,0.0,0,0,0,0,
168.0,car,0,4,1282,319,1332,355,,0.0,0,0,0,0,
168.0,car,0,7,1196,320,1249,354,,0.0,0,0,0,0,
169.0,car,0,2,529,285,985,565,,0.0,0,0,0,0,
169.0,car,0,4,1281,319,1331,355,,0.0,0,0,0,0,
169.0,car,0,7,1195,319,1249,354,,0.0,0,0,0,0,
170.0,car,0,2,500,283,975,574,,0.0,0,0,0,0,
170.0,car,0,4,1281,319,1331,355,,0.0,0,0,0,0,
170.0,car,0,7,1195,319,1250,354,,0.0,0,0,0,0,
171.0,car,0,2,468,282,965,587,,0.0,0,0,0,0,
171.0,car,0,4,1282,319,1333,355,,0.0,0,0,0,0,
171.0,car,0,7,1196,318,1250,355,,0.0,0,0,0,0,
172.0,car,0,2,431,280,955,599,,0.0,0,0,0,0,
172.0,car,0,4,1282,319,1333,355,,0.0,0,0,0,0,
172.0,car,0,7,1199,320,1251,355,,0.0,0,0,0,0,
173.0,car,0,2,395,279,945,613,,0.0,0,0,0,0,
173.0,car,0,4,1281,319,1332,355,,0.0,0,0,0,0,
173.0,car,0,7,1200,321,1251,356,,0.0,0,0,0,0,
174.0,car,0,2,352,278,934,623,,0.0,0,0,0,0,
174.0,car,0,4,1281,319,1332,354,,0.0,0,0,0,0,
174.0,car,0,7,1201,321,1251,356,,0.0,0,0,0,0,
175.0,car,0,2,304,277,922,641,,0.0,0,0,0,0,
175.0,car,0,4,1280,320,1334,354,,0.0,0,0,0,0,
175.0,car,0,7,1203,321,1251,356,,0.0,0,0,0,0,
176.0,car,0,2,251,275,910,655,,0.0,0,0,0,0,
176.0,car,0,4,1280,320,1337,354,,0.0,0,0,0,0,
176.0,car,0,7,1203,322,1252,357,,0.0,0,0,0,0,
177.0,car,0,2,194,271,899,678,,0.0,0,0,0,0,
177.0,car,0,4,1280,319,1331,353,,0.0,0,0,0,0,
177.0,car,0,7,1203,322,1253,357,,0.0,0,0,0,0,
178.0,car,0,2,131,267,883,698,,0.0,0,0,0,0,
178.0,car,0,4,1279,320,1323,352,,0.0,0,0,0,0,
178.0,car,0,7,1203,322,1254,357,,0.0,0,0,0,0,
179.0,car,0,2,54,264,868,720,,0.0,0,0,0,0,
179.0,car,0,4,1278,319,1319,353,,0.0,0,0,0,0,
179.0,car,0,7,1203,321,1256,357,,0.0,0,0,0,0,
180.0,car,0,2,8,262,853,747,,0.0,0,0,0,0,
180.0,car,0,4,1275,318,1316,352,,0.0,0,0,0,0,
180.0,car,0,7,1203,321,1257,357,,0.0,0,0,0,0,
181.0,car,0,2,0,259,834,779,,0.0,0,0,0,0,
181.0,car,0,4,1274,317,1314,350,,0.0,0,0,0,0,
181.0,car,0,7,1200,320,1258,357,,0.0,0,0,0,0,
182.0,car,0,2,0,254,815,815,,0.0,0,0,0,0,
182.0,car,0,4,1275,318,1317,350,,0.0,0,0,0,0,
182.0,car,0,7,1198,320,1258,357,,0.0,0,0,0,0,
183.0,car,0,2,0,251,792,864,,0.0,0,0,0,0,
183.0,car,0,4,1276,318,1327,350,,0.0,0,0,0,0,
183.0,car,0,7,1198,320,1259,357,,0.0,0,0,0,0,
184.0,car,0,2,0,246,770,912,,0.0,0,0,0,0,
184.0,car,0,4,1276,319,1334,350,,0.0,0,0,0,0,
184.0,car,0,7,1199,321,1261,358,,0.0,0,0,0,0,
185.0,car,0,2,0,243,743,964,,0.0,0,0,0,0,
185.0,car,0,4,1278,319,1338,349,,0.0,0,0,0,0,
185.0,car,0,7,1200,320,1262,358,,0.0,0,0,0,0,
186.0,car,0,2,0,241,713,1032,,0.0,0,0,0,0,
186.0,car,0,4,1281,318,1341,349,,0.0,0,0,0,0,
186.0,car,0,7,1201,320,1263,358,,0.0,0,0,0,0,
187.0,car,0,2,0,237,681,1056,,0.0,0,0,0,0,
187.0,car,0,4,1295,319,1343,348,,0.0,0,0,0,0,
187.0,car,0,7,1202,320,1264,359,,0.0,0,0,0,0,
188.0,car,0,2,0,231,645,999,,0.0,0,0,0,0,
188.0,car,0,4,1302,319,1344,348,,0.0,0,0,0,0,
188.0,car,0,7,1202,321,1265,360,,0.0,0,0,0,0,
189.0,car,0,2,0,226,602,969,,0.0,0,0,0,0,
189.0,car,0,4,1304,319,1344,348,,0.0,0,0,0,0,
189.0,car,0,7,1202,320,1267,360,,0.0,0,0,0,0,
190.0,car,0,2,0,220,555,958,,0.0,0,0,0,0,
190.0,car,0,4,1304,319,1344,347,,0.0,0,0,0,0,
190.0,car,0,7,1202,319,1269,361,,0.0,0,0,0,0,
191.0,car,0,2,0,220,501,955,,0.0,0,0,0,0,
191.0,car,0,4,1303,319,1344,347,,0.0,0,0,0,0,
191.0,car,0,7,1202,319,1270,361,,0.0,0,0,0,0,
192.0,car,0,2,0,228,437,956,,0.0,0,0,0,0,
192.0,car,0,4,1303,319,1344,347,,0.0,0,0,0,0,
192.0,car,0,7,1203,319,1272,362,,0.0,0,0,0,0,
193.0,car,0,2,0,242,364,985,,0.0,0,0,0,0,
193.0,car,0,4,1303,319,1344,347,,0.0,0,0,0,0,
193.0,car,0,7,1202,319,1272,361,,0.0,0,0,0,0,
194.0,car,0,2,0,302,273,1040,,0.0,0,0,0,0,
194.0,car,0,4,1303,319,1344,347,,0.0,0,0,0,0,
194.0,car,0,7,1202,319,1272,361,,0.0,0,0,0,0,
195.0,car,0,2,0,391,162,1046,,0.0,0,0,0,0,
195.0,car,0,4,1303,319,1343,347,,0.0,0,0,0,0,
195.0,car,0,7,1204,320,1272,361,,0.0,0,0,0,0,
196.0,car,0,4,1303,319,1343,347,,0.0,0,0,0,0,
196.0,car,0,7,1205,319,1273,362,,0.0,0,0,0,0,
197.0,car,0,4,1303,319,1343,347,,0.0,0,0,0,0,
197.0,car,0,7,1206,319,1274,362,,0.0,0,0,0,0,
198.0,car,0,4,1303,320,1343,348,,0.0,0,0,0,0,
198.0,car,0,7,1207,320,1274,363,,0.0,0,0,0,0,
199.0,car,0,4,1303,320,1343,348,,0.0,0,0,0,0,
199.0,car,0,7,1208,320,1276,363,,0.0,0,0,0,0,
200.0,car,0,4,1302,320,1344,348,,0.0,0,0,0,0,
200.0,car,0,7,1208,320,1277,363,,0.0,0,0,0,0,
201.0,car,0,4,1302,320,1344,348,,0.0,0,0,0,0,
201.0,car,0,7,1209,320,1278,364,,0.0,0,0,0,0,
202.0,car,0,4,1302,320,1344,348,,0.0,0,0,0,0,
202.0,car,0,7,1210,321,1279,364,,0.0,0,0,0,0,
203.0,car,0,4,1301,320,1344,348,,0.0,0,0,0,0,
203.0,car,0,7,1211,320,1280,364,,0.0,0,0,0,0,
204.0,car,0,4,1302,320,1344,348,,0.0,0,0,0,0,
204.0,car,0,7,1212,320,1280,364,,0.0,0,0,0,0,
205.0,car,0,4,1302,320,1344,348,,0.0,0,0,0,0,
205.0,car,0,7,1213,321,1282,365,,0.0,0,0,0,0,
205.0,car,0,8,1432,325,1513,380,,0.0,0,0,0,0,
206.0,car,0,4,1301,320,1344,348,,0.0,0,0,0,0,
206.0,car,0,7,1213,321,1284,366,,0.0,0,0,0,0,
206.0,car,0,8,1432,325,1512,380,,0.0,0,0,0,0,
207.0,car,0,4,1300,320,1344,348,,0.0,0,0,0,0,
207.0,car,0,7,1213,322,1285,369,,0.0,0,0,0,0,
207.0,car,0,8,1432,325,1512,380,,0.0,0,0,0,0,
208.0,car,0,4,1299,320,1344,348,,0.0,0,0,0,0,
208.0,car,0,7,1214,324,1287,370,,0.0,0,0,0,0,
208.0,car,0,8,1431,325,1512,380,,0.0,0,0,0,0,
209.0,car,0,4,1299,320,1345,348,,0.0,0,0,0,0,
209.0,car,0,7,1215,322,1288,371,,0.0,0,0,0,0,
209.0,car,0,8,1432,325,1513,380,,0.0,0,0,0,0,
210.0,car,0,4,1300,320,1345,348,,0.0,0,0,0,0,
210.0,car,0,7,1215,321,1290,372,,0.0,0,0,0,0,
210.0,car,0,8,1432,324,1513,380,,0.0,0,0,0,0,
211.0,car,0,4,1300,320,1345,348,,0.0,0,0,0,0,
211.0,car,0,7,1215,321,1291,372,,0.0,0,0,0,0,
211.0,car,0,8,1432,324,1513,379,,0.0,0,0,0,0,
212.0,car,0,4,1301,320,1345,347,,0.0,0,0,0,0,
212.0,car,0,7,1216,323,1295,374,,0.0,0,0,0,0,
212.0,car,0,8,1432,324,1513,379,,0.0,0,0,0,0,
213.0,car,0,4,1301,320,1345,347,,0.0,0,0,0,0,
213.0,car,0,7,1218,321,1297,376,,0.0,0,0,0,0,
213.0,car,0,8,1432,324,1513,379,,0.0,0,0,0,0,
214.0,car,0,4,1301,320,1344,347,,0.0,0,0,0,0,
214.0,car,0,7,1218,316,1299,377,,0.0,0,0,0,0,
214.0,car,0,8,1432,324,1513,379,,0.0,0,0,0,0,
215.0,car,0,4,1302,320,1345,348,,0.0,0,0,0,0,
215.0,car,0,7,1219,314,1301,379,,0.0,0,0,0,0,
215.0,car,0,8,1432,324,1513,379,,0.0,0,0,0,0,
216.0,car,0,4,1298,319,1344,348,,0.0,0,0,0,0,
216.0,car,0,7,1218,313,1303,380,,0.0,0,0,0,0,
216.0,car,0,8,1432,324,1513,379,,0.0,0,0,0,0,
217.0,car,0,4,1297,319,1344,348,,0.0,0,0,0,0,
217.0,car,0,7,1219,313,1304,380,,0.0,0,0,0,0,
217.0,car,0,8,1432,324,1513,380,,0.0,0,0,0,0,
218.0,car,0,4,1300,320,1344,348,,0.0,0,0,0,0,
218.0,car,0,7,1220,312,1304,380,,0.0,0,0,0,0,
218.0,car,0,8,1432,324,1513,380,,0.0,0,0,0,0,
219.0,car,0,4,1299,318,1344,347,,0.0,0,0,0,0,
219.0,car,0,7,1221,313,1305,381,,0.0,0,0,0,0,
219.0,car,0,8,1432,324,1513,380,,0.0,0,0,0,0,
220.0,car,0,4,1301,319,1344,347,,0.0,0,0,0,0,
220.0,car,0,7,1221,313,1305,380,,0.0,0,0,0,0,
220.0,car,0,8,1432,324,1513,380,,0.0,0,0,0,0,
221.0,car,0,4,1302,320,1345,347,,0.0,0,0,0,0,
221.0,car,0,7,1222,315,1306,381,,0.0,0,0,0,0,
221.0,car,0,8,1432,324,1512,380,,0.0,0,0,0,0,
222.0,car,0,4,1303,319,1345,347,,0.0,0,0,0,0,
222.0,car,0,7,1223,317,1308,382,,0.0,0,0,0,0,
222.0,car,0,8,1432,325,1512,380,,0.0,0,0,0,0,
223.0,car,0,4,1304,319,1345,347,,0.0,0,0,0,0,
223.0,car,0,7,1223,318,1310,384,,0.0,0,0,0,0,
223.0,car,0,8,1432,325,1512,380,,0.0,0,0,0,0,
224.0,car,0,4,1304,318,1345,347,,0.0,0,0,0,0,
224.0,car,0,7,1224,319,1312,386,,0.0,0,0,0,0,
224.0,car,0,8,1432,325,1512,380,,0.0,0,0,0,0,
225.0,car,0,4,1305,318,1345,347,,0.0,0,0,0,0,
225.0,car,0,7,1225,319,1314,387,,0.0,0,0,0,0,
225.0,car,0,8,1432,325,1512,380,,0.0,0,0,0,0,
226.0,car,0,4,1306,318,1345,347,,0.0,0,0,0,0,
226.0,car,0,7,1225,319,1315,389,,0.0,0,0,0,0,
226.0,car,0,8,1432,324,1512,380,,0.0,0,0,0,0,
227.0,car,0,4,1306,319,1345,348,,0.0,0,0,0,0,
227.0,car,0,7,1227,320,1316,388,,0.0,0,0,0,0,
227.0,car,0,8,1432,324,1512,380,,0.0,0,0,0,0,
228.0,car,0,4,1307,319,1346,348,,0.0,0,0,0,0,
228.0,car,0,7,1229,321,1318,391,,0.0,0,0,0,0,
228.0,car,0,8,1432,324,1512,380,,0.0,0,0,0,0,
229.0,car,0,4,1308,319,1345,348,,0.0,0,0,0,0,
229.0,car,0,7,1230,321,1320,392,,0.0,0,0,0,0,
229.0,car,0,8,1432,325,1512,380,,0.0,0,0,0,0,
230.0,car,0,4,1307,319,1345,347,,0.0,0,0,0,0,
230.0,car,0,7,1232,320,1322,391,,0.0,0,0,0,0,
230.0,car,0,8,1432,325,1512,380,,0.0,0,0,0,0,
231.0,car,0,4,1310,319,1344,348,,0.0,0,0,0,0,
231.0,car,0,7,1233,318,1324,393,,0.0,0,0,0,0,
231.0,car,0,8,1432,325,1512,380,,0.0,0,0,0,0,
232.0,car,0,4,1312,319,1344,348,,0.0,0,0,0,0,
232.0,car,0,7,1234,317,1326,393,,0.0,0,0,0,0,
232.0,car,0,8,1432,325,1512,380,,0.0,0,0,0,0,
233.0,car,0,4,1312,319,1342,346,,0.0,0,0,0,0,
233.0,car,0,7,1234,317,1330,394,,0.0,0,0,0,0,
233.0,car,0,8,1432,325,1513,380,,0.0,0,0,0,0,
234.0,car,0,4,1314,320,1341,346,,0.0,0,0,0,0,
234.0,car,0,7,1235,318,1331,394,,0.0,0,0,0,0,
234.0,car,0,8,1432,325,1513,380,,0.0,0,0,0,0,
234.0,car,0,10,1343,322,1384,352,,0.0,0,0,0,0,
235.0,car,0,7,1235,318,1333,395,,0.0,0,0,0,0,
235.0,car,0,8,1432,325,1513,380,,0.0,0,0,0,0,
235.0,car,0,10,1342,323,1384,353,,0.0,0,0,0,0,
236.0,car,0,7,1236,317,1334,395,,0.0,0,0,0,0,
236.0,car,0,8,1433,325,1513,380,,0.0,0,0,0,0,
236.0,car,0,10,1342,323,1384,352,,0.0,0,0,0,0,
237.0,car,0,7,1236,317,1337,395,,0.0,0,0,0,0,
237.0,car,0,8,1433,325,1513,380,,0.0,0,0,0,0,
237.0,car,0,10,1343,323,1384,352,,0.0,0,0,0,0,
238.0,car,0,7,1237,317,1339,397,,0.0,0,0,0,0,
238.0,car,0,8,1433,325,1513,380,,0.0,0,0,0,0,
238.0,car,0,10,1343,323,1384,352,,0.0,0,0,0,0,
239.0,car,0,7,1238,316,1341,398,,0.0,0,0,0,0,
239.0,car,0,8,1433,325,1513,380,,0.0,0,0,0,0,
239.0,car,0,10,1343,323,1384,351,,0.0,0,0,0,0,
240.0,car,0,7,1238,317,1344,399,,0.0,0,0,0,0,
240.0,car,0,8,1433,325,1513,380,,0.0,0,0,0,0,
240.0,car,0,10,1343,324,1384,352,,0.0,0,0,0,0,
241.0,car,0,7,1239,317,1345,401,,0.0,0,0,0,0,
241.0,car,0,8,1433,325,1513,380,,0.0,0,0,0,0,
241.0,car,0,10,1353,325,1392,356,,0.0,0,0,0,0,
242.0,car,0,7,1241,317,1348,402,,0.0,0,0,0,0,
242.0,car,0,8,1433,325,1513,380,,0.0,0,0,0,0,
242.0,car,0,10,1356,325,1395,357,,0.0,0,0,0,0,
243.0,car,0,7,1242,317,1350,402,,0.0,0,0,0,0,
243.0,car,0,8,1433,325,1513,380,,0.0,0,0,0,0,
243.0,car,0,10,1358,325,1395,357,,0.0,0,0,0,0,
244.0,car,0,7,1242,316,1352,404,,0.0,0,0,0,0,
244.0,car,0,8,1434,325,1513,380,,0.0,0,0,0,0,
244.0,car,0,10,1357,325,1395,357,,0.0,0,0,0,0,
245.0,car,0,7,1243,315,1354,404,,0.0,0,0,0,0,
245.0,car,0,8,1434,325,1513,380,,0.0,0,0,0,0,
245.0,car,0,10,1355,324,1395,356,,0.0,0,0,0,0,
246.0,car,0,7,1244,315,1358,405,,0.0,0,0,0,0,
246.0,car,0,8,1434,325,1513,380,,0.0,0,0,0,0,
246.0,car,0,10,1354,324,1396,357,,0.0,0,0,0,0,
247.0,car,0,7,1245,315,1361,405,,0.0,0,0,0,0,
247.0,car,0,8,1433,325,1513,380,,0.0,0,0,0,0,
247.0,car,0,10,1352,324,1396,357,,0.0,0,0,0,0,
248.0,car,0,7,1245,315,1362,406,,0.0,0,0,0,0,
248.0,car,0,8,1433,325,1513,380,,0.0,0,0,0,0,
248.0,car,0,10,1351,325,1396,357,,0.0,0,0,0,0,
249.0,car,0,7,1245,315,1365,409,,0.0,0,0,0,0,
249.0,car,0,8,1434,325,1513,380,,0.0,0,0,0,0,
249.0,car,0,10,1352,325,1396,357,,0.0,0,0,0,0,
250.0,car,0,7,1246,316,1368,412,,0.0,0,0,0,0,
250.0,car,0,8,1434,325,1513,380,,0.0,0,0,0,0,
250.0,car,0,10,1352,324,1397,357,,0.0,0,0,0,0,
251.0,car,0,7,1246,316,1369,413,,0.0,0,0,0,0,
251.0,car,0,8,1434,325,1513,380,,0.0,0,0,0,0,
251.0,car,0,10,1356,324,1397,357,,0.0,0,0,0,0,
252.0,car,0,7,1246,316,1373,416,,0.0,0,0,0,0,
252.0,car,0,8,1434,324,1513,379,,0.0,0,0,0,0,
252.0,car,0,10,1358,324,1397,357,,0.0,0,0,0,0,
253.0,car,0,7,1247,316,1376,417,,0.0,0,0,0,0,
253.0,car,0,8,1434,324,1512,379,,0.0,0,0,0,0,
253.0,car,0,10,1361,323,1397,357,,0.0,0,0,0,0,
253.0,car,0,11,1062,313,1137,346,,0.0,0,0,0,0,
254.0,car,0,7,1248,316,1379,419,,0.0,0,0,0,0,
254.0,car,0,8,1434,325,1512,380,,0.0,0,0,0,0,
254.0,car,0,10,1361,324,1396,357,,0.0,0,0,0,0,
254.0,car,0,11,1065,312,1140,346,,0.0,0,0,0,0,
255.0,car,0,7,1250,316,1383,422,,0.0,0,0,0,0,
255.0,car,0,8,1434,325,1512,379,,0.0,0,0,0,0,
255.0,car,0,10,1363,323,1395,356,,0.0,0,0,0,0,
255.0,car,0,11,1068,312,1141,347,,0.0,0,0,0,0,
256.0,car,0,7,1251,316,1387,424,,0.0,0,0,0,0,
256.0,car,0,8,1434,325,1512,380,,0.0,0,0,0,0,
256.0,car,0,10,1365,322,1395,356,,0.0,0,0,0,0,
256.0,car,0,11,1070,312,1143,346,,0.0,0,0,0,0,
257.0,car,0,7,1250,316,1390,426,,0.0,0,0,0,0,
257.0,car,0,8,1434,325,1513,380,,0.0,0,0,0,0,
257.0,car,0,10,1366,322,1395,356,,0.0,0,0,0,0,
257.0,car,0,11,1075,312,1143,345,,0.0,0,0,0,0,
258.0,car,0,7,1251,315,1396,428,,0.0,0,0,0,0,
258.0,car,0,8,1434,324,1513,380,,0.0,0,0,0,0,
258.0,car,0,11,1078,312,1144,345,,0.0,0,0,0,0,
259.0,car,0,7,1252,315,1399,430,,0.0,0,0,0,0,
259.0,car,0,8,1435,324,1513,380,,0.0,0,0,0,0,
259.0,car,0,11,1079,312,1146,346,,0.0,0,0,0,0,
260.0,car,0,7,1254,316,1402,432,,0.0,0,0,0,0,
260.0,car,0,8,1438,324,1512,380,,0.0,0,0,0,0,
260.0,car,0,11,1081,313,1147,346,,0.0,0,0,0,0,
261.0,car,0,7,1256,315,1407,433,,0.0,0,0,0,0,
261.0,car,0,8,1440,323,1512,380,,0.0,0,0,0,0,
261.0,car,0,11,1083,312,1147,345,,0.0,0,0,0,0,
262.0,car,0,7,1258,315,1411,433,,0.0,0,0,0,0,
262.0,car,0,8,1441,323,1512,380,,0.0,0,0,0,0,
262.0,car,0,11,1084,312,1151,346,,0.0,0,0,0,0,
263.0,car,0,7,1260,316,1415,436,,0.0,0,0,0,0,
263.0,car,0,8,1441,323,1512,380,,0.0,0,0,0,0,
263.0,car,0,11,1086,313,1154,345,,0.0,0,0,0,0,
264.0,car,0,7,1261,316,1421,438,,0.0,0,0,0,0,
264.0,car,0,8,1442,323,1512,380,,0.0,0,0,0,0,
264.0,car,0,11,1092,311,1157,344,,0.0,0,0,0,0,
265.0,car,0,7,1261,317,1426,442,,0.0,0,0,0,0,
265.0,car,0,8,1442,324,1512,380,,0.0,0,0,0,0,
265.0,car,0,11,1097,311,1159,343,,0.0,0,0,0,0,
266.0,car,0,7,1262,317,1432,446,,0.0,0,0,0,0,
266.0,car,0,8,1441,324,1512,380,,0.0,0,0,0,0,
266.0,car,0,11,1099,310,1162,342,,0.0,0,0,0,0,
267.0,car,0,7,1263,317,1439,449,,0.0,0,0,0,0,
267.0,car,0,8,1442,324,1513,380,,0.0,0,0,0,0,
267.0,car,0,11,1100,309,1163,343,,0.0,0,0,0,0,
268.0,car,0,7,1264,317,1445,452,,0.0,0,0,0,0,
268.0,car,0,8,1443,324,1512,380,,0.0,0,0,0,0,
268.0,car,0,11,1101,307,1166,345,,0.0,0,0,0,0,
269.0,car,0,7,1265,317,1452,455,,0.0,0,0,0,0,
269.0,car,0,8,1444,323,1512,380,,0.0,0,0,0,0,
269.0,car,0,11,1104,306,1167,346,,0.0,0,0,0,0,
270.0,car,0,7,1266,317,1459,458,,0.0,0,0,0,0,
270.0,car,0,8,1444,325,1514,380,,0.0,0,0,0,0,
270.0,car,0,11,1105,307,1168,346,,0.0,0,0,0,0,
271.0,car,0,7,1269,317,1466,460,,0.0,0,0,0,0,
271.0,car,0,8,1449,324,1513,380,,0.0,0,0,0,0,
271.0,car,0,11,1107,308,1170,346,,0.0,0,0,0,0,
272.0,car,0,7,1274,318,1475,467,,0.0,0,0,0,0,
272.0,car,0,8,1454,324,1513,380,,0.0,0,0,0,0,
272.0,car,0,11,1108,307,1171,347,,0.0,0,0,0,0,
273.0,car,0,7,1276,317,1485,472,,0.0,0,0,0,0,
273.0,car,0,8,1446,324,1514,380,,0.0,0,0,0,0,
273.0,car,0,11,1110,308,1173,346,,0.0,0,0,0,0,
274.0,car,0,7,1278,317,1494,476,,0.0,0,0,0,0,
274.0,car,0,8,1453,325,1513,380,,0.0,0,0,0,0,
274.0,car,0,11,1112,308,1175,346,,0.0,0,0,0,0,
275.0,car,0,7,1280,317,1503,479,,0.0,0,0,0,0,
275.0,car,0,8,1454,324,1512,381,,0.0,0,0,0,0,
275.0,car,0,11,1113,308,1177,346,,0.0,0,0,0,0,
276.0,car,0,7,1283,316,1514,484,,0.0,0,0,0,0,
276.0,car,0,8,1458,324,1512,382,,0.0,0,0,0,0,
276.0,car,0,11,1114,309,1178,346,,0.0,0,0,0,0,
277.0,car,0,7,1286,317,1526,489,,0.0,0,0,0,0,
277.0,car,0,8,1465,323,1513,382,,0.0,0,0,0,0,
277.0,car,0,11,1115,308,1180,346,,0.0,0,0,0,0,
278.0,car,0,7,1289,316,1539,495,,0.0,0,0,0,0,
278.0,car,0,8,1471,320,1516,368,,0.0,0,0,0,0,
278.0,car,0,11,1116,308,1181,347,,0.0,0,0,0,0,
279.0,car,0,7,1291,316,1552,500,,0.0,0,0,0,0,
279.0,car,0,11,1123,310,1182,346,,0.0,0,0,0,0,
280.0,car,0,7,1295,317,1567,505,,0.0,0,0,0,0,
280.0,car,0,11,1129,310,1184,346,,0.0,0,0,0,0,
281.0,car,0,7,1301,317,1583,512,,0.0,0,0,0,0,
281.0,car,0,11,1130,310,1186,346,,0.0,0,0,0,0,
282.0,car,0,7,1307,316,1601,520,,0.0,0,0,0,0,
282.0,car,0,11,1129,309,1187,346,,0.0,0,0,0,0,
283.0,car,0,7,1312,316,1618,526,,0.0,0,0,0,0,
283.0,car,0,11,1130,309,1189,346,,0.0,0,0,0,0,
284.0,car,0,7,1317,317,1635,532,,0.0,0,0,0,0,
284.0,car,0,11,1130,309,1190,346,,0.0,0,0,0,0,
285.0,car,0,7,1324,317,1657,539,,0.0,0,0,0,0,
285.0,car,0,11,1136,309,1191,346,,0.0,0,0,0,0,
286.0,car,0,7,1330,318,1681,547,,0.0,0,0,0,0,
286.0,car,0,11,1138,310,1191,346,,0.0,0,0,0,0,
287.0,car,0,7,1337,318,1708,557,,0.0,0,0,0,0,
287.0,car,0,11,1141,310,1192,346,,0.0,0,0,0,0,
288.0,car,0,7,1345,320,1734,566,,0.0,0,0,0,0,
288.0,car,0,11,1142,311,1194,347,,0.0,0,0,0,0,
289.0,car,0,7,1353,321,1765,574,,0.0,0,0,0,0,
289.0,car,0,11,1141,310,1196,347,,0.0,0,0,0,0,
290.0,car,0,7,1361,321,1798,582,,0.0,0,0,0,0,
290.0,car,0,11,1148,311,1196,348,,0.0,0,0,0,0,
291.0,car,0,7,1372,322,1835,594,,0.0,0,0,0,0,
291.0,car,0,11,1151,312,1198,348,,0.0,0,0,0,0,
292.0,car,0,7,1383,323,1873,603,,0.0,0,0,0,0,
292.0,car,0,11,1153,312,1199,348,,0.0,0,0,0,0,
293.0,car,0,7,1397,323,1909,616,,0.0,0,0,0,0,
293.0,car,0,11,1155,312,1198,348,,0.0,0,0,0,0,
294.0,car,0,7,1408,323,1920,629,,0.0,0,0,0,0,
294.0,car,0,11,1155,312,1200,347,,0.0,0,0,0,0,
295.0,car,0,7,1423,322,1920,642,,0.0,0,0,0,0,
295.0,car,0,11,1156,312,1201,347,,0.0,0,0,0,0,
296.0,car,0,7,1439,323,1920,662,,0.0,0,0,0,0,
296.0,car,0,11,1156,312,1203,347,,0.0,0,0,0,0,
297.0,car,0,7,1456,324,1920,679,,0.0,0,0,0,0,
297.0,car,0,11,1157,311,1203,347,,0.0,0,0,0,0,
298.0,car,0,7,1476,327,1920,702,,0.0,0,0,0,0,
298.0,car,0,11,1157,311,1204,346,,0.0,0,0,0,0,
298.0,car,0,12,1431,324,1514,381,,0.0,0,0,0,0,
299.0,car,0,7,1498,329,1920,719,,0.0,0,0,0,0,
299.0,car,0,11,1157,311,1204,346,,0.0,0,0,0,0,
299.0,car,0,12,1431,324,1513,381,,0.0,0,0,0,0,
300.0,car,0,7,1521,331,1920,743,,0.0,0,0,0,0,
300.0,car,0,11,1158,311,1204,347,,0.0,0,0,0,0,
300.0,car,0,12,1431,324,1513,381,,0.0,0,0,0,0,
301.0,car,0,7,1546,333,1920,770,,0.0,0,0,0,0,
301.0,car,0,11,1158,311,1205,347,,0.0,0,0,0,0,
301.0,car,0,12,1431,325,1514,381,,0.0,0,0,0,0,
302.0,car,0,7,1574,334,1920,752,,0.0,0,0,0,0,
302.0,car,0,11,1158,311,1205,347,,0.0,0,0,0,0,
302.0,car,0,12,1431,325,1514,381,,0.0,0,0,0,0,
303.0,car,0,7,1606,337,1920,736,,0.0,0,0,0,0,
303.0,car,0,11,1159,311,1206,348,,0.0,0,0,0,0,
303.0,car,0,12,1431,325,1514,381,,0.0,0,0,0,0,
304.0,car,0,7,1643,342,1920,728,,0.0,0,0,0,0,
304.0,car,0,11,1158,311,1206,348,,0.0,0,0,0,0,
304.0,car,0,12,1430,324,1513,380,,0.0,0,0,0,0,
305.0,car,0,7,1686,348,1920,725,,0.0,0,0,0,0,
305.0,car,0,11,1158,310,1207,348,,0.0,0,0,0,0,
305.0,car,0,12,1431,325,1513,380,,0.0,0,0,0,0,
306.0,car,0,7,1732,369,1920,731,,0.0,0,0,0,0,
306.0,car,0,11,1157,309,1208,348,,0.0,0,0,0,0,
306.0,car,0,12,1432,325,1513,380,,0.0,0,0,0,0,
307.0,car,0,7,1783,412,1920,749,,0.0,0,0,0,0,
307.0,car,0,11,1156,309,1208,349,,0.0,0,0,0,0,
307.0,car,0,12,1431,325,1513,379,,0.0,0,0,0,0,
308.0,motorbike,0,7,1841,452,1920,767,,0.0,0,0,0,0,
308.0,car,0,11,1156,309,1209,349,,0.0,0,0,0,0,
308.0,car,0,12,1432,325,1514,379,,0.0,0,0,0,0,
309.0,car,0,11,1156,307,1209,350,,0.0,0,0,0,0,
309.0,car,0,12,1431,325,1514,379,,0.0,0,0,0,0,
310.0,car,0,11,1156,307,1209,350,,0.0,0,0,0,0,
310.0,car,0,12,1432,324,1514,379,,0.0,0,0,0,0,
311.0,car,0,11,1156,306,1210,350,,0.0,0,0,0,0,
311.0,car,0,12,1432,324,1514,379,,0.0,0,0,0,0,
312.0,car,0,11,1156,305,1210,351,,0.0,0,0,0,0,
312.0,car,0,12,1431,324,1514,379,,0.0,0,0,0,0,
313.0,car,0,11,1156,305,1210,351,,0.0,0,0,0,0,
313.0,car,0,12,1432,324,1514,379,,0.0,0,0,0,0,
314.0,car,0,11,1156,305,1210,351,,0.0,0,0,0,0,
314.0,car,0,12,1432,324,1513,378,,0.0,0,0,0,0,
315.0,car,0,11,1156,304,1211,352,,0.0,0,0,0,0,
315.0,car,0,12,1432,324,1513,378,,0.0,0,0,0,0,
316.0,car,0,11,1156,304,1211,352,,0.0,0,0,0,0,
316.0,car,0,12,1432,324,1513,378,,0.0,0,0,0,0,
316.0,car,0,13,1343,321,1385,353,,0.0,0,0,0,0,
317.0,car,0,11,1156,305,1211,352,,0.0,0,0,0,0,
317.0,car,0,12,1432,324,1513,378,,0.0,0,0,0,0,
317.0,car,0,13,1343,321,1384,352,,0.0,0,0,0,0,
318.0,car,0,11,1156,305,1211,352,,0.0,0,0,0,0,
318.0,car,0,12,1432,324,1513,378,,0.0,0,0,0,0,
318.0,car,0,13,1344,321,1384,352,,0.0,0,0,0,0,
319.0,car,0,11,1155,305,1211,352,,0.0,0,0,0,0,
319.0,car,0,12,1432,324,1513,378,,0.0,0,0,0,0,
319.0,car,0,13,1343,321,1383,352,,0.0,0,0,0,0,
320.0,car,0,11,1155,305,1212,353,,0.0,0,0,0,0,
320.0,car,0,12,1432,324,1513,378,,0.0,0,0,0,0,
320.0,car,0,13,1343,321,1383,352,,0.0,0,0,0,0,
321.0,car,0,11,1154,305,1213,353,,0.0,0,0,0,0,
321.0,car,0,12,1433,324,1514,378,,0.0,0,0,0,0,
321.0,car,0,13,1343,321,1383,352,,0.0,0,0,0,0,
322.0,car,0,11,1154,305,1213,353,,0.0,0,0,0,0,
322.0,car,0,12,1433,324,1514,378,,0.0,0,0,0,0,
322.0,car,0,13,1343,321,1383,352,,0.0,0,0,0,0,
323.0,car,0,11,1154,304,1213,353,,0.0,0,0,0,0,
323.0,car,0,12,1433,324,1514,378,,0.0,0,0,0,0,
323.0,car,0,13,1343,321,1383,352,,0.0,0,0,0,0,
324.0,car,0,11,1154,304,1213,354,,0.0,0,0,0,0,
324.0,car,0,12,1433,324,1514,378,,0.0,0,0,0,0,
324.0,car,0,13,1343,321,1383,352,,0.0,0,0,0,0,
325.0,car,0,11,1154,304,1213,354,,0.0,0,0,0,0,
325.0,car,0,12,1434,324,1514,378,,0.0,0,0,0,0,
325.0,car,0,13,1343,321,1383,352,,0.0,0,0,0,0,
326.0,car,0,11,1154,304,1213,355,,0.0,0,0,0,0,
326.0,car,0,12,1434,324,1514,378,,0.0,0,0,0,0,
326.0,car,0,13,1343,321,1383,352,,0.0,0,0,0,0,
327.0,car,0,11,1154,304,1214,356,,0.0,0,0,0,0,
327.0,car,0,12,1434,323,1514,378,,0.0,0,0,0,0,
327.0,car,0,13,1343,321,1382,352,,0.0,0,0,0,0,
328.0,car,0,11,1153,304,1214,356,,0.0,0,0,0,0,
328.0,car,0,12,1433,323,1513,378,,0.0,0,0,0,0,
328.0,car,0,13,1343,321,1382,352,,0.0,0,0,0,0,
329.0,car,0,11,1152,305,1214,356,,0.0,0,0,0,0,
329.0,car,0,12,1434,323,1513,378,,0.0,0,0,0,0,
329.0,car,0,13,1343,321,1379,352,,0.0,0,0,0,0,
330.0,car,0,11,1152,305,1214,357,,0.0,0,0,0,0,
330.0,car,0,12,1434,323,1513,379,,0.0,0,0,0,0,
330.0,car,0,13,1343,321,1381,352,,0.0,0,0,0,0,
331.0,car,0,11,1151,305,1214,357,,0.0,0,0,0,0,
331.0,car,0,12,1434,323,1513,379,,0.0,0,0,0,0,
331.0,car,0,13,1343,321,1380,352,,0.0,0,0,0,0,
332.0,car,0,11,1150,304,1213,358,,0.0,0,0,0,0,
332.0,car,0,12,1434,323,1513,379,,0.0,0,0,0,0,
332.0,car,0,13,1343,321,1380,352,,0.0,0,0,0,0,
333.0,car,0,11,1149,304,1213,358,,0.0,0,0,0,0,
333.0,car,0,12,1434,323,1513,379,,0.0,0,0,0,0,
333.0,car,0,13,1343,321,1380,352,,0.0,0,0,0,0,
334.0,car,0,11,1149,304,1213,358,,0.0,0,0,0,0,
334.0,car,0,12,1434,323,1513,379,,0.0,0,0,0,0,
334.0,car,0,13,1343,321,1381,352,,0.0,0,0,0,0,
335.0,car,0,11,1148,304,1212,359,,0.0,0,0,0,0,
335.0,car,0,12,1434,323,1513,379,,0.0,0,0,0,0,
335.0,car,0,13,1343,321,1380,352,,0.0,0,0,0,0,
336.0,car,0,11,1146,304,1212,359,,0.0,0,0,0,0,
336.0,car,0,12,1434,323,1513,379,,0.0,0,0,0,0,
336.0,car,0,13,1343,321,1380,352,,0.0,0,0,0,0,
337.0,car,0,11,1145,304,1212,360,,0.0,0,0,0,0,
337.0,car,0,12,1433,323,1513,379,,0.0,0,0,0,0,
337.0,car,0,13,1343,321,1379,352,,0.0,0,0,0,0,
338.0,car,0,11,1144,304,1212,361,,0.0,0,0,0,0,
338.0,car,0,12,1433,323,1513,379,,0.0,0,0,0,0,
338.0,car,0,13,1343,321,1378,352,,0.0,0,0,0,0,
339.0,car,0,11,1143,303,1211,361,,0.0,0,0,0,0,
339.0,car,0,12,1433,323,1513,379,,0.0,0,0,0,0,
339.0,car,0,13,1343,321,1379,352,,0.0,0,0,0,0,
340.0,car,0,11,1142,303,1211,361,,0.0,0,0,0,0,
340.0,car,0,12,1433,323,1513,379,,0.0,0,0,0,0,
340.0,car,0,13,1343,321,1379,352,,0.0,0,0,0,0,
341.0,car,0,11,1142,303,1211,361,,0.0,0,0,0,0,
341.0,car,0,12,1434,323,1513,379,,0.0,0,0,0,0,
341.0,car,0,13,1343,321,1381,353,,0.0,0,0,0,0,
342.0,car,0,11,1141,303,1210,361,,0.0,0,0,0,0,
342.0,car,0,12,1434,323,1513,379,,0.0,0,0,0,0,
342.0,car,0,13,1343,321,1381,353,,0.0,0,0,0,0,
343.0,car,0,11,1141,304,1210,361,,0.0,0,0,0,0,
343.0,car,0,12,1434,323,1513,379,,0.0,0,0,0,0,
343.0,car,0,13,1343,321,1382,353,,0.0,0,0,0,0,
344.0,car,0,11,1140,304,1210,362,,0.0,0,0,0,0,
344.0,car,0,12,1434,323,1513,379,,0.0,0,0,0,0,
344.0,car,0,13,1343,321,1382,353,,0.0,0,0,0,0,
345.0,car,0,11,1139,304,1210,363,,0.0,0,0,0,0,
345.0,car,0,12,1435,323,1513,378,,0.0,0,0,0,0,
345.0,car,0,13,1343,321,1382,352,,0.0,0,0,0,0,
346.0,car,0,11,1138,304,1210,364,,0.0,0,0,0,0,
346.0,car,0,12,1435,323,1513,378,,0.0,0,0,0,0,
346.0,car,0,13,1343,321,1383,352,,0.0,0,0,0,0,
347.0,car,0,11,1137,304,1210,364,,0.0,0,0,0,0,
347.0,car,0,12,1435,323,1513,378,,0.0,0,0,0,0,
347.0,car,0,13,1343,321,1383,353,,0.0,0,0,0,0,
348.0,car,0,11,1136,304,1210,365,,0.0,0,0,0,0,
348.0,car,0,12,1435,323,1513,379,,0.0,0,0,0,0,
348.0,car,0,13,1343,321,1383,352,,0.0,0,0,0,0,
349.0,car,0,11,1133,304,1210,366,,0.0,0,0,0,0,
349.0,car,0,12,1434,323,1513,379,,0.0,0,0,0,0,
349.0,car,0,13,1343,321,1382,352,,0.0,0,0,0,0,
350.0,car,0,11,1131,304,1209,366,,0.0,0,0,0,0,
350.0,car,0,12,1434,323,1513,379,,0.0,0,0,0,0,
350.0,car,0,13,1343,321,1382,352,,0.0,0,0,0,0,
351.0,car,0,11,1129,304,1209,367,,0.0,0,0,0,0,
351.0,car,0,12,1434,323,1513,379,,0.0,0,0,0,0,
351.0,car,0,13,1343,321,1383,352,,0.0,0,0,0,0,
352.0,car,0,11,1128,303,1209,368,,0.0,0,0,0,0,
352.0,car,0,12,1434,323,1513,379,,0.0,0,0,0,0,
352.0,car,0,13,1343,321,1383,353,,0.0,0,0,0,0,
353.0,car,0,11,1128,303,1209,368,,0.0,0,0,0,0,
353.0,car,0,12,1434,324,1513,379,,0.0,0,0,0,0,
353.0,car,0,13,1344,321,1383,352,,0.0,0,0,0,0,
354.0,car,0,11,1127,302,1208,369,,0.0,0,0,0,0,
354.0,car,0,12,1433,324,1513,379,,0.0,0,0,0,0,
354.0,car,0,13,1343,321,1384,352,,0.0,0,0,0,0,
355.0,car,0,11,1125,302,1208,369,,0.0,0,0,0,0,
355.0,car,0,12,1433,324,1513,379,,0.0,0,0,0,0,
355.0,car,0,13,1344,321,1384,352,,0.0,0,0,0,0,
355.0,car,0,14,1829,408,1919,551,,0.0,0,0,0,0,
356.0,car,0,11,1123,301,1206,369,,0.0,0,0,0,0,
356.0,car,0,12,1433,324,1513,379,,0.0,0,0,0,0,
356.0,car,0,13,1344,321,1384,352,,0.0,0,0,0,0,
356.0,car,0,14,1807,394,1919,546,,0.0,0,0,0,0,
357.0,car,0,11,1121,301,1206,370,,0.0,0,0,0,0,
357.0,car,0,12,1434,324,1513,379,,0.0,0,0,0,0,
357.0,car,0,13,1344,321,1384,352,,0.0,0,0,0,0,
357.0,car,0,14,1784,373,1919,542,,0.0,0,0,0,0,
358.0,car,0,11,1119,300,1206,371,,0.0,0,0,0,0,
358.0,car,0,12,1433,323,1513,379,,0.0,0,0,0,0,
358.0,car,0,13,1344,321,1384,352,,0.0,0,0,0,0,
358.0,car,0,14,1762,352,1919,538,,0.0,0,0,0,0,
359.0,car,0,11,1117,300,1205,371,,0.0,0,0,0,0,
359.0,car,0,12,1434,324,1513,379,,0.0,0,0,0,0,
359.0,car,0,13,1344,321,1385,352,,0.0,0,0,0,0,
359.0,car,0,14,1742,341,1919,534,,0.0,0,0,0,0,
360.0,car,0,11,1116,300,1205,371,,0.0,0,0,0,0,
360.0,car,0,12,1434,324,1513,379,,0.0,0,0,0,0,
360.0,car,0,13,1344,321,1384,352,,0.0,0,0,0,0,
360.0,car,0,14,1721,337,1919,545,,0.0,0,0,0,0,
361.0,car,0,11,1114,300,1205,372,,0.0,0,0,0,0,
361.0,car,0,12,1434,324,1513,379,,0.0,0,0,0,0,
361.0,car,0,13,1344,321,1384,352,,0.0,0,0,0,0,
361.0,car,0,14,1701,336,1919,550,,0.0,0,0,0,0,
362.0,car,0,11,1113,300,1205,374,,0.0,0,0,0,0,
362.0,car,0,12,1434,324,1513,379,,0.0,0,0,0,0,
362.0,car,0,13,1344,321,1385,352,,0.0,0,0,0,0,
362.0,car,0,14,1683,334,1919,550,,0.0,0,0,0,0,
363.0,car,0,11,1112,300,1204,375,,0.0,0,0,0,0,
363.0,car,0,12,1433,324,1513,379,,0.0,0,0,0,0,
363.0,car,0,13,1344,321,1383,352,,0.0,0,0,0,0,
363.0,car,0,14,1669,332,1919,546,,0.0,0,0,0,0,
364.0,car,0,11,1111,300,1203,376,,0.0,0,0,0,0,
364.0,car,0,12,1433,324,1513,379,,0.0,0,0,0,0,
364.0,car,0,13,1344,321,1381,352,,0.0,0,0,0,0,
364.0,car,0,14,1651,331,1919,538,,0.0,0,0,0,0,
365.0,car,0,11,1110,300,1203,377,,0.0,0,0,0,0,
365.0,car,0,12,1433,324,1513,379,,0.0,0,0,0,0,
365.0,car,0,13,1344,321,1381,352,,0.0,0,0,0,0,
365.0,car,0,14,1637,330,1919,532,,0.0,0,0,0,0,
366.0,car,0,11,1108,301,1202,377,,0.0,0,0,0,0,
366.0,car,0,12,1433,324,1513,379,,0.0,0,0,0,0,
366.0,car,0,13,1343,321,1381,352,,0.0,0,0,0,0,
366.0,car,0,14,1624,329,1919,526,,0.0,0,0,0,0,
367.0,car,0,11,1106,300,1200,378,,0.0,0,0,0,0,
367.0,car,0,12,1434,323,1513,379,,0.0,0,0,0,0,
367.0,car,0,13,1344,322,1381,352,,0.0,0,0,0,0,
367.0,car,0,14,1611,329,1919,522,,0.0,0,0,0,0,
368.0,car,0,11,1104,300,1199,379,,0.0,0,0,0,0,
368.0,car,0,12,1433,323,1513,379,,0.0,0,0,0,0,
368.0,car,0,13,1344,322,1382,352,,0.0,0,0,0,0,
368.0,car,0,14,1597,329,1919,520,,0.0,0,0,0,0,
369.0,car,0,11,1103,299,1200,381,,0.0,0,0,0,0,
369.0,car,0,12,1433,323,1513,379,,0.0,0,0,0,0,
369.0,car,0,13,1344,322,1382,352,,0.0,0,0,0,0,
369.0,car,0,14,1586,330,1919,517,,0.0,0,0,0,0,
370.0,car,0,11,1102,298,1200,382,,0.0,0,0,0,0,
370.0,car,0,12,1433,323,1513,379,,0.0,0,0,0,0,
370.0,car,0,13,1344,322,1383,352,,0.0,0,0,0,0,
370.0,car,0,14,1574,329,1914,510,,0.0,0,0,0,0,
371.0,car,0,11,1099,298,1200,383,,0.0,0,0,0,0,
371.0,car,0,12,1433,323,1513,379,,0.0,0,0,0,0,
371.0,car,0,13,1344,322,1384,352,,0.0,0,0,0,0,
371.0,car,0,14,1564,329,1901,505,,0.0,0,0,0,0,
372.0,car,0,11,1097,298,1199,384,,0.0,0,0,0,0,
372.0,car,0,12,1433,323,1512,379,,0.0,0,0,0,0,
372.0,car,0,13,1344,322,1385,352,,0.0,0,0,0,0,
372.0,car,0,14,1556,329,1881,500,,0.0,0,0,0,0,
373.0,car,0,11,1095,297,1197,385,,0.0,0,0,0,0,
373.0,car,0,12,1434,322,1512,379,,0.0,0,0,0,0,
373.0,car,0,13,1344,322,1384,352,,0.0,0,0,0,0,
373.0,car,0,14,1546,330,1859,495,,0.0,0,0,0,0,
374.0,car,0,11,1092,298,1193,385,,0.0,0,0,0,0,
374.0,car,0,12,1434,322,1512,379,,0.0,0,0,0,0,
374.0,car,0,13,1343,322,1385,352,,0.0,0,0,0,0,
374.0,car,0,14,1538,329,1838,491,,0.0,0,0,0,0,
375.0,car,0,11,1090,298,1193,386,,0.0,0,0,0,0,
375.0,car,0,12,1434,322,1513,379,,0.0,0,0,0,0,
375.0,car,0,13,1344,322,1385,352,,0.0,0,0,0,0,
375.0,car,0,14,1529,329,1818,486,,0.0,0,0,0,0,
376.0,car,0,11,1089,298,1192,387,,0.0,0,0,0,0,
376.0,car,0,12,1434,321,1513,378,,0.0,0,0,0,0,
376.0,car,0,13,1344,321,1386,352,,0.0,0,0,0,0,
376.0,car,0,14,1521,328,1799,483,,0.0,0,0,0,0,
377.0,car,0,11,1086,298,1192,388,,0.0,0,0,0,0,
377.0,car,0,12,1434,321,1512,377,,0.0,0,0,0,0,
377.0,car,0,13,1344,321,1386,352,,0.0,0,0,0,0,
377.0,car,0,14,1515,329,1781,480,,0.0,0,0,0,0,
378.0,car,0,11,1083,298,1192,388,,0.0,0,0,0,0,
378.0,car,0,12,1434,321,1513,377,,0.0,0,0,0,0,
378.0,car,0,13,1344,321,1387,352,,0.0,0,0,0,0,
378.0,car,0,14,1507,328,1764,476,,0.0,0,0,0,0,
379.0,car,0,11,1081,298,1189,389,,0.0,0,0,0,0,
379.0,car,0,12,1434,321,1513,377,,0.0,0,0,0,0,
379.0,car,0,13,1344,321,1387,352,,0.0,0,0,0,0,
379.0,car,0,14,1499,328,1747,473,,0.0,0,0,0,0,
380.0,car,0,11,1080,298,1187,388,,0.0,0,0,0,0,
380.0,car,0,12,1434,321,1513,377,,0.0,0,0,0,0,
380.0,car,0,13,1344,321,1387,352,,0.0,0,0,0,0,
380.0,car,0,14,1490,328,1732,470,,0.0,0,0,0,0,
381.0,car,0,11,1076,297,1186,389,,0.0,0,0,0,0,
381.0,car,0,12,1433,322,1513,378,,0.0,0,0,0,0,
381.0,car,0,13,1344,321,1387,352,,0.0,0,0,0,0,
381.0,car,0,14,1484,327,1717,466,,0.0,0,0,0,0,
382.0,car,0,11,1071,297,1185,391,,0.0,0,0,0,0,
382.0,car,0,12,1434,322,1514,378,,0.0,0,0,0,0,
382.0,car,0,13,1344,321,1387,352,,0.0,0,0,0,0,
382.0,car,0,14,1479,327,1703,462,,0.0,0,0,0,0,
383.0,car,0,11,1068,298,1182,391,,0.0,0,0,0,0,
383.0,car,0,12,1437,322,1513,380,,0.0,0,0,0,0,
383.0,car,0,13,1344,321,1387,352,,0.0,0,0,0,0,
383.0,car,0,14,1473,328,1691,459,,0.0,0,0,0,0,
384.0,car,0,11,1066,298,1182,392,,0.0,0,0,0,0,
384.0,car,0,12,1449,323,1513,381,,0.0,0,0,0,0,
384.0,car,0,13,1344,321,1387,352,,0.0,0,0,0,0,
384.0,car,0,14,1468,326,1679,458,,0.0,0,0,0,0,
385.0,car,0,11,1063,298,1181,394,,0.0,0,0,0,0,
385.0,car,0,12,1449,323,1513,373,,0.0,0,0,0,0,
385.0,car,0,13,1344,321,1387,352,,0.0,0,0,0,0,
385.0,car,0,14,1461,323,1667,455,,0.0,0,0,0,0,
386.0,car,0,11,1060,298,1180,396,,0.0,0,0,0,0,
386.0,car,0,12,1451,324,1514,372,,0.0,0,0,0,0,
386.0,car,0,13,1344,321,1387,352,,0.0,0,0,0,0,
386.0,car,0,14,1456,322,1656,451,,0.0,0,0,0,0,
387.0,car,0,11,1057,297,1180,398,,0.0,0,0,0,0,
387.0,car,0,12,1450,323,1511,367,,0.0,0,0,0,0,
387.0,car,0,13,1344,321,1386,352,,0.0,0,0,0,0,
387.0,car,0,14,1451,321,1646,448,,0.0,0,0,0,0,
388.0,car,0,11,1053,296,1178,400,,0.0,0,0,0,0,
388.0,car,0,12,1450,324,1511,362,,0.0,0,0,0,0,
388.0,car,0,13,1344,321,1386,352,,0.0,0,0,0,0,
388.0,car,0,14,1445,319,1636,445,,0.0,0,0,0,0,
389.0,car,0,11,1049,296,1178,401,,0.0,0,0,0,0,
389.0,car,0,12,1443,325,1504,368,,0.0,0,0,0,0,
389.0,car,0,13,1344,321,1386,352,,0.0,0,0,0,0,
389.0,car,0,14,1441,322,1626,443,,0.0,0,0,0,0,
390.0,car,0,11,1044,295,1177,403,,0.0,0,0,0,0,
390.0,car,0,12,1440,325,1502,367,,0.0,0,0,0,0,
390.0,car,0,13,1344,321,1386,352,,0.0,0,0,0,0,
390.0,car,0,14,1436,323,1617,441,,0.0,0,0,0,0,
391.0,car,0,11,1041,294,1175,404,,0.0,0,0,0,0,
391.0,car,0,13,1344,321,1386,351,,0.0,0,0,0,0,
391.0,car,0,14,1433,324,1607,438,,0.0,0,0,0,0,
392.0,car,0,11,1036,294,1174,406,,0.0,0,0,0,0,
392.0,car,0,13,1343,321,1386,352,,0.0,0,0,0,0,
392.0,car,0,14,1428,325,1600,437,,0.0,0,0,0,0,
393.0,car,0,11,1032,293,1172,407,,0.0,0,0,0,0,
393.0,car,0,13,1344,321,1386,352,,0.0,0,0,0,0,
393.0,car,0,14,1423,325,1592,435,,0.0,0,0,0,0,
394.0,car,0,11,1026,293,1171,409,,0.0,0,0,0,0,
394.0,car,0,13,1343,321,1387,352,,0.0,0,0,0,0,
394.0,car,0,14,1419,324,1584,433,,0.0,0,0,0,0,
395.0,car,0,11,1021,292,1170,410,,0.0,0,0,0,0,
395.0,car,0,13,1343,321,1386,352,,0.0,0,0,0,0,
395.0,car,0,14,1415,323,1577,431,,0.0,0,0,0,0,
396.0,car,0,11,1016,291,1168,412,,0.0,0,0,0,0,
396.0,car,0,13,1343,322,1386,352,,0.0,0,0,0,0,
396.0,car,0,14,1412,324,1569,429,,0.0,0,0,0,0,
397.0,car,0,11,1014,291,1166,413,,0.0,0,0,0,0,
397.0,car,0,13,1343,322,1387,352,,0.0,0,0,0,0,
397.0,car,0,14,1410,324,1563,427,,0.0,0,0,0,0,
398.0,car,0,11,1009,291,1164,414,,0.0,0,0,0,0,
398.0,car,0,13,1343,322,1387,352,,0.0,0,0,0,0,
398.0,car,0,14,1406,323,1555,425,,0.0,0,0,0,0,
399.0,car,0,11,1003,290,1162,416,,0.0,0,0,0,0,
399.0,car,0,13,1343,322,1386,351,,0.0,0,0,0,0,
399.0,car,0,14,1402,323,1551,424,,0.0,0,0,0,0,
400.0,car,0,11,995,289,1162,418,,0.0,0,0,0,0,
400.0,car,0,13,1343,322,1386,351,,0.0,0,0,0,0,
400.0,car,0,14,1398,323,1546,422,,0.0,0,0,0,0,
401.0,car,0,11,989,290,1159,421,,0.0,0,0,0,0,
401.0,car,0,13,1343,322,1385,351,,0.0,0,0,0,0,
401.0,car,0,14,1396,323,1541,419,,0.0,0,0,0,0,
402.0,car,0,11,985,291,1157,422,,0.0,0,0,0,0,
402.0,car,0,13,1343,322,1385,351,,0.0,0,0,0,0,
402.0,car,0,14,1395,323,1535,418,,0.0,0,0,0,0,
403.0,car,0,11,979,291,1156,424,,0.0,0,0,0,0,
403.0,car,0,13,1343,322,1386,351,,0.0,0,0,0,0,
403.0,car,0,14,1391,324,1530,416,,0.0,0,0,0,0,
404.0,car,0,11,971,288,1152,426,,0.0,0,0,0,0,
404.0,car,0,13,1344,322,1385,351,,0.0,0,0,0,0,
404.0,car,0,14,1391,325,1524,414,,0.0,0,0,0,0,
405.0,car,0,11,965,288,1150,428,,0.0,0,0,0,0,
405.0,car,0,13,1343,322,1385,351,,0.0,0,0,0,0,
405.0,car,0,14,1389,322,1519,413,,0.0,0,0,0,0,
406.0,car,0,11,958,286,1149,431,,0.0,0,0,0,0,
406.0,car,0,13,1344,322,1384,351,,0.0,0,0,0,0,
406.0,car,0,14,1385,322,1514,411,,0.0,0,0,0,0,
407.0,car,0,11,950,285,1145,434,,0.0,0,0,0,0,
407.0,car,0,13,1343,322,1383,350,,0.0,0,0,0,0,
407.0,car,0,14,1382,322,1509,411,,0.0,0,0,0,0,
408.0,car,0,11,944,285,1142,437,,0.0,0,0,0,0,
408.0,car,0,13,1343,321,1383,350,,0.0,0,0,0,0,
408.0,car,0,14,1379,322,1506,409,,0.0,0,0,0,0,
409.0,car,0,11,935,284,1140,440,,0.0,0,0,0,0,
409.0,car,0,13,1343,322,1383,350,,0.0,0,0,0,0,
409.0,car,0,14,1377,322,1503,409,,0.0,0,0,0,0,
410.0,car,0,11,926,283,1137,442,,0.0,0,0,0,0,
410.0,car,0,13,1343,322,1383,351,,0.0,0,0,0,0,
410.0,car,0,14,1375,323,1498,408,,0.0,0,0,0,0,
411.0,car,0,11,917,283,1134,445,,0.0,0,0,0,0,
411.0,car,0,13,1343,322,1386,351,,0.0,0,0,0,0,
411.0,car,0,14,1373,323,1493,407,,0.0,0,0,0,0,
412.0,car,0,11,908,283,1131,449,,0.0,0,0,0,0,
412.0,car,0,13,1342,322,1387,351,,0.0,0,0,0,0,
412.0,car,0,14,1371,323,1489,406,,0.0,0,0,0,0,
413.0,car,0,11,897,282,1129,453,,0.0,0,0,0,0,
413.0,car,0,13,1342,322,1385,351,,0.0,0,0,0,0,
413.0,car,0,14,1369,323,1486,404,,0.0,0,0,0,0,
414.0,car,0,11,886,282,1126,458,,0.0,0,0,0,0,
414.0,car,0,13,1342,322,1384,351,,0.0,0,0,0,0,
414.0,car,0,14,1367,323,1483,404,,0.0,0,0,0,0,
415.0,car,0,11,874,281,1122,461,,0.0,0,0,0,0,
415.0,car,0,13,1341,322,1383,351,,0.0,0,0,0,0,
415.0,car,0,14,1365,322,1480,403,,0.0,0,0,0,0,
416.0,car,0,11,864,280,1118,465,,0.0,0,0,0,0,
416.0,car,0,13,1341,322,1380,351,,0.0,0,0,0,0,
416.0,car,0,14,1364,323,1477,402,,0.0,0,0,0,0,
417.0,car,0,11,852,280,1113,468,,0.0,0,0,0,0,
417.0,car,0,13,1340,321,1376,350,,0.0,0,0,0,0,
417.0,car,0,14,1362,321,1473,401,,0.0,0,0,0,0,
418.0,car,0,11,838,280,1107,472,,0.0,0,0,0,0,
418.0,car,0,13,1341,321,1378,350,,0.0,0,0,0,0,
418.0,car,0,14,1359,320,1469,399,,0.0,0,0,0,0,
419.0,car,0,11,824,280,1103,477,,0.0,0,0,0,0,
419.0,car,0,13,1342,321,1378,349,,0.0,0,0,0,0,
419.0,car,0,14,1357,319,1466,397,,0.0,0,0,0,0,
420.0,car,0,11,808,279,1098,482,,0.0,0,0,0,0,
420.0,car,0,13,1342,320,1377,349,,0.0,0,0,0,0,
420.0,car,0,14,1355,319,1461,396,,0.0,0,0,0,0,
421.0,car,0,11,795,279,1092,487,,0.0,0,0,0,0,
421.0,car,0,13,1343,320,1374,349,,0.0,0,0,0,0,
421.0,car,0,14,1354,319,1457,394,,0.0,0,0,0,0,
422.0,car,0,11,777,277,1087,493,,0.0,0,0,0,0,
422.0,car,0,13,1342,320,1372,348,,0.0,0,0,0,0,
422.0,car,0,14,1352,319,1454,393,,0.0,0,0,0,0,
423.0,car,0,11,760,276,1082,500,,0.0,0,0,0,0,
423.0,car,0,14,1350,320,1452,393,,0.0,0,0,0,0,
424.0,car,0,11,742,273,1075,507,,0.0,0,0,0,0,
424.0,car,0,14,1350,321,1449,392,,0.0,0,0,0,0,
425.0,car,0,11,723,271,1068,513,,0.0,0,0,0,0,
425.0,car,0,14,1348,320,1448,392,,0.0,0,0,0,0,
426.0,car,0,11,701,271,1063,519,,0.0,0,0,0,0,
426.0,car,0,14,1347,321,1446,392,,0.0,0,0,0,0,
426.0,car,0,15,1305,318,1341,348,,0.0,0,0,0,0,
427.0,car,0,11,678,268,1055,526,,0.0,0,0,0,0,
427.0,car,0,14,1345,321,1444,392,,0.0,0,0,0,0,
427.0,car,0,15,1305,319,1342,348,,0.0,0,0,0,0,
428.0,car,0,11,652,266,1048,533,,0.0,0,0,0,0,
428.0,car,0,14,1344,321,1442,390,,0.0,0,0,0,0,
428.0,car,0,15,1305,319,1342,348,,0.0,0,0,0,0,
428.0,car,0,16,1440,323,1513,378,,0.0,0,0,0,0,
429.0,car,0,11,625,265,1041,542,22,0.07968436298650194,71,49,162,86,22
429.0,car,0,14,1343,321,1441,389,,0.0,0,0,0,0,
429.0,car,0,15,1304,319,1343,348,,0.0,0,0,0,0,
429.0,car,0,16,1439,324,1513,378,,0.0,0,0,0,0,
430.0,car,0,11,595,262,1032,554,,0.0,0,0,0,0,
430.0,car,0,14,1344,322,1438,389,,0.0,0,0,0,0,
430.0,car,0,15,1304,319,1343,348,,0.0,0,0,0,0,
430.0,car,0,16,1438,324,1513,378,,0.0,0,0,0,0,
431.0,car,0,11,563,261,1021,564,,0.0,0,0,0,0,
431.0,car,0,14,1342,321,1436,388,,0.0,0,0,0,0,
431.0,car,0,15,1304,319,1344,348,,0.0,0,0,0,0,
431.0,car,0,16,1436,324,1514,380,,0.0,0,0,0,0,
432.0,car,0,11,527,259,1012,577,,0.0,0,0,0,0,
432.0,car,0,14,1341,320,1433,386,,0.0,0,0,0,0,
432.0,car,0,15,1303,319,1346,349,,0.0,0,0,0,0,
432.0,car,0,16,1436,323,1513,380,,0.0,0,0,0,0,
433.0,car,0,11,489,256,1002,586,,0.0,0,0,0,0,
433.0,car,0,14,1339,321,1432,385,,0.0,0,0,0,0,
433.0,car,0,15,1303,319,1347,349,,0.0,0,0,0,0,
433.0,car,0,16,1436,323,1513,379,,0.0,0,0,0,0,
434.0,car,0,11,446,254,992,601,,0.0,0,0,0,0,
434.0,car,0,14,1340,321,1430,385,,0.0,0,0,0,0,
434.0,car,0,15,1303,319,1346,350,,0.0,0,0,0,0,
434.0,car,0,16,1438,324,1513,379,,0.0,0,0,0,0,
435.0,car,0,11,399,252,980,616,,0.0,0,0,0,0,
435.0,car,0,14,1338,322,1429,384,,0.0,0,0,0,0,
435.0,car,0,15,1302,320,1342,349,,0.0,0,0,0,0,
435.0,car,0,16,1437,324,1513,379,,0.0,0,0,0,0,
